:02000004600694
:100300009701FA009381015017011A01130181CF5F
:100310000171970200009382E2057390523093823C
:10032000818517D309011303A3256386620023A0E7
:1003300002009102DDBF979200009382625A170378
:10034000FA00130323CC9703FA00938323D16309A4
:10035000730003AE02002320C30191021103C5BF45
:10036000EF30C01373005010F5BF13000000010000
:100370007310013417011A011301C1C8130181F769
:1003800006C00EC412C616C81ACA1ECC22CE26D06B
:100390002AD22ED432D636D83ADA3EDC42DEC6C075
:1003A000CAC2CEC4D2C6D6C8DACADECCE2CEE6D045
:1003B000EAD2EED4F2D6F6D8FADAFEDCF322103422
:1003C00096DEF322003016C1F322003416C21171FA
:1003D000EF20305417011A011301C1C2130181F734
:1003E000F652739012348A42739002308240A241D6
:1003F0003242C2425243E243724482541255A255E1
:100400003256C2565257E257725886481649A64984
:10041000364AC64A564BE64B764C865C165DA65D60
:10042000365EC65E565FE65F124173002030010003
:100430001300000013000000130000004111B7DE9C
:10044000CCCC938EDECC81479308410033B7D503E3
:10045000850713B8A500338EF800138357FF0D836B
:1004600093162700BA968606958D93850503A30FEC
:10047000BEFEBA8563140800E31A03FC63D7C70203
:1004800063050302130700038947A302E100C6972F
:1004900018418386F7FFFD171306170010C12300CC
:1004A000D700E397F8FE4101828003075100F1BFB6
:1004B000397152D493050000130A810022DC06DE54
:1004C0002A8452C2EF705005634C05169305000054
:1004D0002285EF70A076630A0514B797066083A59E
:1004E00007722285EF70500363510514B7970660B9
:1004F0004AD803A94772228526DACA854ED6EF70FC
:10050000207985449309D003635C050EB797066094
:1005100083A98772228556D2CE85EF70E07F814411
:10052000930A40FC634C050031A8EF709007CE851C
:10053000FD142A84EF70407E63560500CA8522852B
:10054000E39554FF925AB797066083A5C772228538
:10055000EF703005B797066083A50773EF60B0634F
:10056000EF8040179307703E2A8963E6A70A378415
:10057000EB511304F45133348902480005461580C9
:10058000A2856D3D93074006B305F402924793069A
:10059000E0024800138717002380D70009463AC2BB
:1005A000B305B940613D93C7F4FF1247FD8793D56A
:1005B000F441F99B9387D70213065006AD8C48008F
:1005C000930627002300C700A300F700B385B440BB
:1005D000094636C2A535924737950660D2852380F5
:1005E0000700130585BCEF209051F2506254D2549D
:1005F0004259B259225A216182808504638D3405A3
:100600002285CA85EF70A034CA852A84EF704068BD
:10061000E35505FE0DBFB7D7CCCC9387D7CC333984
:10062000F50285041359390099B73795066013050B
:1006300085BBEF20D04CF2506254225A2161828057
:10064000930691001307D002B707008036C2230437
:10065000E1003D8C59B59304C003F5B5397122DC36
:1006600026DA4AD84ED652D45AD05ECE62CC66CA6A
:100670006AC86EC606DE56D2AA8B2E8CB68C3E8415
:10068000328BBA842A8AB6892E8D930D05081309F8
:10069000000083250A005A85110AEF70807083A537
:1006A0000900AA8A1104EF70C06FAA850325C4FF50
:1006B0009109110DEF60304E232EA4FE8325CDFF4E
:1006C00003A5C9FFEF70E06DD685EF70806DAA8538
:1006D0004A85EF60504C2A89E39D4DFBB797066031
:1006E00083A547730144130A0008EF70806BAA8941
:1006F00033878C00B3078C0008438C439104EF7060
:10070000406AB3878B008C432A895A85EF706069F1
:10071000CE85EF700069AA854A85EF70701BDA8577
:10072000EF702068AA8503A5C4FF1104EF60B046EE
:1007300023AEA4FEE31E44FBF2506254D25442594D
:10074000B259225A925A025BF24B624CD24C424D41
:10075000B24D21618280011122CC26CA4AC84EC600
:1007600052C456C206CE5AC02A89AE89328AAA8499
:10077000930A0508130400008C4091042E85EF7045
:100780004062AA852285EF6010412A84E3969AFE92
:10079000B797066083A547730144130B0008EF70F9
:1007A0004060B797066083A58773EF60D03EEF3057
:1007B0002043B7970660AA8503A58772EF702019BA
:1007C000AA8A33878900B30789008C430843B3049E
:1007D0008A001104EF70E05CD685EF70805C88C001
:1007E000E31164FFF2406244D2444249B249224AD2
:1007F000024B5685924A056182804571B7A7076111
:10080000938787252326111C2324811C2322911CD6
:100810002320211D2328611B2322911B232EB11984
:100820003EC88CC32E88E3810508424713992500F2
:100830002324811B232E311B232C411B232A511BD4
:100840002326711B2320A11B2A8C33062501AA878E
:100850009306470098439107910623AEE6FEE39B7B
:10086000C7FEB7270E61B77402619384840DB7ABDE
:100870000761B72A0E61138BC7459317780026C20C
:10088000938BCB35938ACA4D3ED481494AC426C640
:10089000C28D03240C00124D138AF97F1E04130A23
:1008A0001A6033098B00B38C8A00B3843B01330791
:1008B0008940529783250900084311099104EF608C
:1008C000902D2320AD0023AEA4FE110DE31199FF5E
:1008D000924793890908110C938707083EC2A257D3
:1008E000E399F9FA2249B2448329C11B032A811BE7
:1008F000832A411B832BC11A032C811A032D011A51
:100900006E88B7950660A56783A54574938707E849
:10091000DA973EDA930709098A97379506602EC45D
:10092000B795026103250574BECA9387850D3EDC29
:10093000896793874710B79806602AC2BECC4245A4
:10094000A25703A4C87337960660D96637270500F7
:100950009386463013074750832C0673AA962A972E
:10096000A69742D222CEB6C4BAC6BEC25AD05AD870
:100970002AD602DEA68D2A886647A6874297944724
:100980008C43D04314C70CC350C3D447C10741079D
:10099000232ED7FEE256E394D7FE92576381073C9D
:1009A000C2576D64130404E03E94B257232C411BDC
:1009B0002969196A130A4A1013094910232E311B99
:1009C000232A511B429A3E99A68AC289528656858D
:1009D000A285513396472320A900938A0A08130A57
:1009E0000A081109E394FAFE92574E88638307368A
:1009F000225799679387471837560E61B305F7005A
:100A00002320A11B37570E61338DF9009307C625AC
:100A1000BED09307C765BECEF2572646A966938619
:100A20004632338935013387D90093965700EED487
:100A30004A8A2326711B36892324811BB286916939
:100A4000C2D60146A6D8DADAEA8D8657131C790099
:100A5000130407FEB3848701F647B2C0B6C8E29715
:100A60003ECACAD26E8C528D93070CF83ECCBADCCB
:100A70002689A28BA6DE22C16AC36EC58967624D34
:100A800093040000330A39013304F900D28D268B18
:100A9000A68A4AC6228A03240D0083250900110D67
:100AA0002285EF700030AA855685EF60D00E832531
:100AB0000A00AA8A2285EF70C02EAA855A85EF60A7
:100AC000900D83A50D002A8B2285EF70802DAA85BD
:100AD0002685EF60500C1109110A910DAA84E31CC0
:100AE0008DFB23A05B01B3873B0123A06701A167B6
:100AF000DE97324988C3D24713090908910BE31FD7
:100B0000F9F60A44130C0D081A4D6657F654AA4D0F
:100B100013040402E31AACF50646C646B7470200C2
:100B2000131C6600330C86410A0C16593E9CA167C3
:100B3000BA97BED293874600BEC0BA8A36CC440963
:100B400002CA014D02C6B2DCB6DEBAC84AC1D247FB
:100B5000930B0002130B0109B38BFB400149938DEA
:100B60000AFE338A370126C7EE8413040000B387D8
:100B70002401D2978C4088439104EF708022AA858B
:100B80002285EF6050012A84E39354FFF245130954
:100B90000902110BEF70E020232EABFEE31679FD66
:100BA000B247BA444A4985073EC632478547630182
:100BB000F702130A410903240A00CA85110A228593
:100BC000EF70000D6343A0004A842289E3159AFE6A
:100BD000130A01091304000003250A00CA85110A3B
:100BE000EF70004FEF20F066AA85232EBAFE228513
:100BF000EF60607A2A84E3119AFE13090109032544
:100C00000900A2851109EF609054232EA9FEE31874
:100C100099FEB24762450C0913962700EF20700336
:100C2000925732476359F700D647064581453386C8
:100C30009740EF20D003C647216B965B011B3E9B7C
:100C40005A8A130901091304000083250A000325A9
:100C500009001109130A0A02EF70A014AA8522855F
:100C6000EF6060732A84E31299FEB307AB01E29749
:100C700088C3110BE3167BFDE2473247130D0D08C5
:100C8000938707103ECC864793044900938A0A0253
:100C900093874710BEC0D24781173ECA9257E39848
:100CA000E7EA66564647F6560A491307F77F2106D4
:100CB000930500021A4AAA4D0507CE9621098567B9
:100CC000E315B6D852573658C654B76A03003309ED
:100CD000F700A65D5657938A4A30C29AA68B02C681
:100CE00042CA268BB247525CCA899E073389FA00F2
:100CF00056CC5E8AE28A3A8D5A8C93840AF84A8BE3
:100D00001304000083250B0088409104110BEF7041
:100D10004009AA852285EF6000682A84E39454FF85
:100D200003250A00A285938A0408EF60C066232089
:100D3000AA00110AE3933AFDB2479256E24A8507A8
:100D40004E89628B6A87938B0B086380F61A3EC6C6
:100D500051BF8329C11B032A811B832A411BB7A7CB
:100D6000030093874730C297268714470C435043AC
:100D700094C78CC3D0C354474107C10723AED7FEE5
:100D8000E256E314D7FEF257A64613871700896789
:100D90003E98C167B6978256BEC49167B697B6466D
:100DA0003ED0A167B697D256BEC68567B697B256F3
:100DB0003EDA89479386061036D6C25693860608D1
:100DC00036D8854636DEE319F7BA4247B72706001C
:100DD0001258938747506E89BA9798449040D440F0
:100DE00098C790C3D4C3D844C104C10723AEE7FE5B
:100DF0006257E394E4FE630A080CC24737440600D6
:100E0000130444603E94B7D40F61232E311B232C6E
:100E1000411B232A511B2326711B2324811B2320C2
:100E2000A11B930904F09384C44522864A85A685B4
:100E30001D32964723A0A9001309090813040408CA
:100E40009109E314F9FEC247374D0600130D4D68B2
:100E50003E9DA257B76A0600938A4A60330CFD0094
:100E6000C247B73B0E61938BCB25BE9ADA89568A6F
:100E7000930C0DF8E6844E891304000083250900C5
:100E8000884091041109EF60D071AA852285EF6036
:100E900080502A84E3149DFE2320AA009389090828
:100EA000110AE3993BFD130D0D08938A0A07E31F0E
:100EB000ACFB8329C11B032A811B832A411B832B83
:100EC000C11A032C811A032D011A8320C11C03248B
:100ED000811C8324411C0329011C032B011B832C2F
:100EE000411A832DC119796182805248B7A7030046
:100EF00093874730E2846A8BC297628714470C431A
:100F0000504394C78CC3D0C354474107C10723AE95
:100F1000D7FEE256E314D7FEB7E7030093874730C6
:100F2000C2973ECABE8AC2576D64130404F03E9451
:100F3000B25737290400130949303E99268AC289DD
:100F400056865285A285EFF01F8196472320A9007F
:100F5000130A0A08938A0A081109E313FAFE0256D3
:100F6000AD67938707E8B7960660B297BD6A4D678D
:100F700083AB8672364C938A0AE85D6A3ECCB3072F
:100F8000E600BEC0268DA6CEDAD0B29AEEC8814762
:100F90004E8BB30446015247E24D139A77003A9ABA
:100FA0004177A6D6B309EC006289BED2DAD4EE84CA
:100FB000138B04F8D28D1304000083A50D000325C4
:100FC0000B00110B910DEF60D05DAA852285EF60BB
:100FD000803C2A84E3139BFE924523A0A90093043E
:100FE0000B08EF60105CA285EF60B05BA285EF603C
:100FF000505BA285EF60203AA24591091109EF608C
:10100000505AEF207042AA8DE6852285EF60705914
:101010002A84DE856E85EF600038AA852285EF6020
:101020005058232EA9FEE39554F9265BB654864DFD
:101030006A8A13890DE0E2891304000083A5090080
:101040000325090011099109EF60B055AA85228591
:10105000EF6060342A84E313B9FF03250A00A285F8
:10106000930D0920EF6020332320AA00110AE39298
:101070009DFC96573247130C0C20130D0D0863048A
:10108000F700850709BF5A88C64DF644065B8329D9
:10109000C11B032A811B832A411B832BC11A032CEA
:1010A000811A032D011AC5B1B7740261B7270E6109
:1010B0009384840D138BC745014902D46FF07F845C
:1010C0005D7193050000A2C486C652DC2A84EF60DD
:1010D000B0446347050CB797066083A58774130A6D
:1010E0008100228552C2EF6030436350050EB797EE
:1010F000066083A5C7742285A6C2CAC04EDE56DA32
:101100005AD8EF604029AA84EF70C05C2A84EF703F
:10111000A06EAA852685EF60B07BA2852A8B054646
:101120004800EFF0AFB137970660924A0329477243
:101130009306E0022380DA0013841A0093897A0070
:10114000A5445A85CA85EF60D0452A8BEF7080523E
:101150009347F5FFFD877D8D63D3A4002545930755
:1011600005032300F400EF70805BAA855A85EF60C9
:10117000307605042A8BE31634FDA3830A009644D7
:101180000649F259D25A425B37950660D28513055B
:1011900085BCEF20C016B6402644625A6161828049
:1011A000B70700803D8CB797066083A587749306C8
:1011B00091001307D002228536C22304E100130AEE
:1011C0008100EF607035E34405F292471306200674
:1011D0009306900613077006A38107002380C700BB
:1011E000A380D7002381E70045B7370500617171FF
:1011F00013058505930500034ECF52CD56CB5EC730
:1012000062C566C36AC106D722D526D34AD1EEDEAF
:10121000EFF0AFDE3797066037AC0761B7690600BD
:10122000B7870600032D0775130C8C259389496039
:10123000938747A9E299930B8C00814A3E9C014A0F
:10124000B70C0080CE870A879389090794478C439F
:10125000D04314C70CC350C3D447C1074107232E42
:10126000D7FEE39537FF824D0A8944008040EE8522
:1012700091042285EF60D0216343A0006E849C1806
:10128000A28DE395F4FE8A8D9304000003A50D0062
:10129000A285910DEF60D063EF20A07BAA8523AEDD
:1012A000BDFE2685EF60200F9C18AA84E390FDFE0A
:1012B00003250900A6851109EF606069232EA9FEA8
:1012C0009C18E317F9FE83A70B00EA85910B8A07A8
:1012D0008A978843EF60200CEF20407E33C5AC0036
:1012E000EF70805C2A86AE865685D285EF40200955
:1012F000AA8A2E8AE3183CF5B7A7066003A60787DB
:1013000083A64787EF40B017BA502A549A540A5917
:10131000FA496A4ADA4ABA4B2A4C9A4C0A4DF65DA7
:101320004D6182802171232E111A232C811A232AC8
:10133000911A2328211B2326311B2324411B2322FE
:10134000511B2320611B232E7119232C8119232A61
:1013500091192328A1192326B11983070500AA850D
:10136000638D071C0001A286814B654521481387C8
:10137000F7F91376F70F8117B337F0006374C500E0
:101380001387A701850BB38775018387070098C270
:10139000910699C3E39D0BFD37950660130545BC87
:1013A000EF10F075139C3B00379706600327877595
:1013B000B7960660330C7C41B7070E619387C77EF2
:1013C000120C930D000383A946753E9C939C2B0041
:1013D000B3877D413AC6A29C3EC4014BF14AB30596
:1013E0007B01228513090101EFF02FC1CA84628AB3
:1013F00003250A00CE859104EF60605523AEA4FE5C
:10140000110AE31794FEC24D440803AA0400EE85B6
:1014100091045285EF60D0076343A0006E8AD28D9D
:10142000E31594FE930D01019304000003A50D0044
:10143000D285910DEF60D049EF20A061AA8523AE3F
:10144000BDFE2685EF503075AA84E311B4FF130A60
:10145000010103250A00A685110AEF60404F232EE3
:10146000AAFEE31844FF83A70185814D9304000081
:101470001397D700B98F13D71701B98F1397570058
:10148000B98F13D5870023A8F184EF70E036B245F9
:10149000EF6030112A8A29A0850D1109638B5D093F
:1014A000832509002685EF50106FD285AA84EF604E
:1014B000207EE353A0FEE54763C8B70793851D066A
:1014C00093F5F50FB79706601385C7BCEF1030632F
:1014D000A247050B23A0BC01B3876741910C130CF5
:1014E0000C07E34EFBEE0324811B8320C11B8324E6
:1014F000411B0329011B8329C11A032A811A832A4C
:10150000411A032B011A832BC119032C8119832C37
:101510004119032D0119832DC11837950660130554
:1015200005D039616F10B05D694793050002E38B08
:10153000EDF8ED4D9305E00271B7814B0001A9BDB7
:10154000B7570261130101B19387870DBEC2B7A7D8
:101550000761938787253ED216459C4309668145DE
:101560002326114E2324814E2322914E3ED0232048
:10157000214F232E314D232C414D232A514D232819
:10158000614D2326714D2324814D2322914D23202B
:10159000A14D232EB14BEF10906DB73702619387A9
:1015A000870D3E85096681453ECAEF10506C825713
:1015B000FD173E853EC83E84EF706016AA84E35E48
:1015C000802C3794066003258472A685376A06004E
:1015D000EF60E037B797066083A707752AC41255F6
:1015E000032784723ED62105B7F705619387871DCF
:1015F00037E60D612AC612553AD4B736026137274D
:101600000E613EDC9307C67D130A4A60B7350E6152
:101610001307C7453ECC938786052A9A130C012BE6
:10162000BAC0938CC5253ECE930D0000014DB24744
:10163000050D13040A0703AB07006287D28794479E
:101640008C43D04314C70CC350C3D447C1074107D0
:10165000232ED7FEE39587FE832A012B628A930906
:10166000412B03A90900D68591094A85EF604062A4
:101670006343A00056891C16CA8AE394F9FEE28AE5
:101680009309000003A50A00CA85910AEF6050245F
:10169000EF20203CAA8523AEBAFE4E85EF50B04F16
:1016A0001C16AA89E390FAFE628903250900CE85FB
:1016B0001109EF60C029232EA9FE1C16E317F9FEBD
:1016C00093172B00E2978843B255931A7D00814906
:1016D000EF50704CEF20803EAA856E85EF60501F62
:1016E000E247864BA6C6D6973EC2F2476AD82ADAA8
:1016F000BE9AB7F705611389872562DEA2C4DE842E
:101700009305000063083B4903250A00930B09F881
:101710002684EF60F01BA245568DEF608068124C66
:10172000AA8D83250C006E85910BEF608067AA85DA
:1017300003A5CBFF110C1104EF50F0458325C4FF26
:1017400023AEABFE6E85EF60C065AA8503250D0054
:10175000110DEF505044232EADFEE3942BFD9384E6
:101760000408850913890B08110AE39B94F9B24711
:101770002644425D91073EC6C247D25D725CB644C4
:10178000228AE396A7EB92573724060037490600D2
:10179000D249964B130949501304445037AB0761A3
:1017A000B7DA0F613E993E94130B8B1D938ACA459D
:1017B000014A03260900DA875E87CE862285D68510
:1017C000EFE0DFE98257050A110913040408938941
:1017D0000908938B0B08E39E47FD06442966130610
:1017E00006E02296B2C46256A966938606E8330DD7
:1017F000D6009256B717026137A704009387870D6A
:1018000013074750BECA36978257BAD256479E072B
:10181000B7FE0161BA9737DE0161BEDC93878E0D9A
:1018200037D30161BED493078E0DB7C80161BECC1A
:101830009307838D37C80161BEDE9387880D379586
:101840000660BED69307888DBED883270574B795EA
:101850000660E25C3EC683A7C573E6CEA2C63ED84C
:10186000825736DEB6899607BEDAE2576EC1A28C81
:10187000BEC88547BED02689564509668145EF100A
:10188000103F265509668145EF10703E8257E35898
:10189000F002B797066083A7C775964AB7960660A9
:1018A000379706603EC4965703AA8672832B077348
:1018B0003EC802CA56CCD6844ECE66D46AD61C1D0B
:1018C0004ADA1306002081453E85EF10503A46471C
:1018D000DD66938606E0B30CD7003647268D9384E9
:1018E00004083309D7002A8B26C2C24783240D007F
:1018F0004167B38DE7005A8CCA8A5A84E68983A56A
:101900000D0026851104EF60C049AA8503A50900D2
:10191000910D9109EF50302883A50A0023AEA9FE4E
:101920002685EF600048AA850325C4FF910AEF5081
:101930009026232EA4FE9307014BE312F4FC92475A
:10194000110D938C0C2013090920E310FDFA725736
:10195000370D0400130D4D303A9D52479244BD6936
:10196000931D77003307BD013AC25647938909E0BA
:101970003D64BA9D3647C24A130404E8BA99464703
:1019800062895AC33A9426C503AB0A00B245B7949C
:1019900006605A85EF60E040DA85EF608040DA85C6
:1019A000EF602040DA85EF50101F83A544746E8DE0
:1019B000EF60203FEF204027AA852A8CEF60603E31
:1019C000AA855285EF60C070AA8CDE855A85EF60CB
:1019D000403DAA856685EF60C03C83A54474EF60F6
:1019E000403CA245AA8C5A85EF60A03BDA85EF60A7
:1019F000403BD285EF50301AAA856685EF60603A89
:101A00002A8BD2856285EF501019DE85EF60603930
:101A1000AA855A85EF50301883250900930C04F8E5
:101A20004E8BEF60003892442A8C8C406285910C7A
:101A3000EF602037AA8503A5CCFF9104110BEF506E
:101A400090158325CBFF23AEACFE6285EF60603539
:101A5000AA8503250D00110DEF50F013232EADFEC6
:101A6000E3958CFC11099307014B910A93890908AE
:101A700013840C08E31AF9F052479A47AA44050761
:101A80003ACA4247D246130707203AC80257E31A18
:101A9000D7E2F647A25C6D6A130A0AF8F249B38AE4
:101AA0004C013E9AF257372C0400B7CB0300624436
:101AB000325D5259D64D164B130C4C40938B4B3024
:101AC0004E9CBE9B03260C00D2875A87EE865E850D
:101AD000D685EFE0BFB8E657938D0D08110C938BB8
:101AE0000B08130B0B08E39FFDFC66450966814557
:101AF000EF10F017F257378A0300130A4A30814D6E
:101B00004EC266C4EA8AB38B47014AC86647264D6F
:101B1000568A93977D003389FB0056CA5ECC9309A1
:101B20000408D28BB304F700EA8A228A032B0A0046
:101B3000138D0BF85684A68C4A8C83250C005A858D
:101B4000110DEF600026AA850325CDFF110C1104AD
:101B5000EF5070048325C4FF232EADFE5A85EF603D
:101B60004024AA8503A50C00910CEF50D00223AEAF
:101B7000ACFEE3147DFD110A938A0A08930B0D084D
:101B8000E3163AFB8257850DD24AE24B6386B701D2
:101B90005284ADBFA2558DBE9249A24C4249568D8A
:101BA000865701444EC3139B570066C56AC7CA8453
:101BB000F65905691306098081454E85EF10300BF3
:101BC0003655130609808145EF10700A46551306F5
:101BD00009808145EF10B0090257635AE03412566C
:101BE000D96C938C4C30B29C1316BB00669632C8ED
:101BF0001256C9679387473093168B00B297330C00
:101C0000D600BE96B967938747303307FC003ACCBD
:101C10006647931B5400130D411B36CABA9B938A27
:101C200009021309410B014A22CE4ED46AC25AD688
:101C30001306001081450819EF107003C657524C67
:101C4000424B3EDAB7C7016156CB138D878FDA8AD4
:101C5000930D010B628B52C94AC4268C03AA0A0059
:101C600013040DFEDA84DE8C9309000003A90C0036
:101C70008C4011044A85EF60C012AA854E85EF5052
:101C80008071D285AA894A85EF60A011AA850325B3
:101C9000C4FF910C9104EF500070232EA4FEE317B3
:101CA000A4FDA24723A03D01910D910A130B0B0245
:101CB000130D0402E394FDFA4A4ADA4A2249C24962
:101CC000E284930C010B1304000083A50C0003A510
:101CD0000900910C9109EF60C00CAA852285EF5094
:101CE000806B2A84E3932CFFC24C130B011B9309D6
:101CF000010B03A50900A2859109EF60603D83A552
:101D00000C00110B910CEF60C009C255EF60600927
:101D1000232EABFEE39F29FDB65D4AC962495ECB27
:101D20009309011B014B938C0AFE6EC4EE8B26CDEA
:101D300003AC0900F1776684B3046941DE8D330D8D
:101D4000FB008C4062851104EF60A005AA85032585
:101D5000C4FF910DEF502064B3874401EA978C4390
:101D6000232EA4FE6285EF60C003AA8503A5CDFFE4
:101D70009104EF50406223AEADFEE31454FD924750
:101D80009109938B0B02011BE394F9FA93874900A5
:101D90003EC2C2474A49DA4B938707103EC8D6571E
:101DA000130A0A022247EA44930A04021109938B98
:101DB0000B08E31FFAE6325B0646E2550D699567AC
:101DC000130909E0938707E03299AE9713167B0059
:101DD0007244338AC700F257A166D259225E9386B5
:101DE000461822C93299BE9601445ACBBA84A657E6
:101DF000931A7400938B06F8D6977283130E0E0213
:101E00003ED64E874ED136C2A68722CF26D352D594
:101E1000D2894AD7CA865EDA72D4B25B79763389C0
:101E2000C900032D0300096683AC0700032C0700DB
:101E3000D25DB384C900338BC60011664E844EC494
:101E4000B38AC600DE8936C83ACA3ECC1ACEB68BF3
:101E500003AA0D00EA85910D5285EF509074AA8572
:101E600003250900910B1109EF50E052232EA9FE22
:101E7000E6855285EF50F072AA850840110B1104D7
:101E8000EF506051232EA4FEE2855285EF50707111
:101E9000AA858840910A9104EF50E04F83A5CBFFBB
:101EA00023AEA4FE6A85EF50D06F8325CBFF2A8A2C
:101EB0006685EF50106FAA855285EF50C04D83A5FF
:101EC000CAFF2A8A6285EF50D06DAA855285EF50ED
:101ED000804CAA8503A509009109EF50C04B924799
:101EE00023AEA9FEE396B7F77243A249C246524712
:101EF000E24722561103910711079386060893893A
:101F00000908E31C66F07A448A599A54924682572B
:101F100005042A5A3A59225E9386060893840402DD
:101F200093890902E39587EC4A445A4BEA44050435
:101F30009147210BE31EF4C682579A49AA4C3A4DA9
:101F400026896359F004F6476D64130404E8338A64
:101F50008C003E94F257A96B916A964D265B938B49
:101F60004B20938A4A10CE9BBE9A014C03A60B00CD
:101F7000A2876E87DA865685D285EFE02FEE8257EC
:101F8000050C910B938A0A08130B0B08938D0D080F
:101F9000E39E87FDA647130D0D80130D0D809387DB
:101FA0000780BEC42647F977938909F01307078095
:101FB000BAC47647938C0CF8130707F8BACE725759
:101FC000BA9736473EDEF1773E97BAC64647BA978C
:101FD0001657BEC8E177BA97BED2865781C782D05E
:101FE0006FF09F8982578A4DCA846357F0069257D3
:101FF000964C37FC0561938947008257130C8C255A
:1020000013992700E2574E99138DF77F130D1D602A
:1020100083AB0900E2576A8A9E0B33847701E68A14
:10202000E29B03AB0A0008401104DA85EF50A036AA
:10203000232EA4FE03250A00DA85910AEF50A0356D
:102040002320AA00110AE39E8BFC9109938C0C08B3
:10205000130D0D08E31E39FBA6856E85EF50300F7A
:102060008320C14E0324814E8324414E0329014E17
:102070008329C14D032A814D832A414D032B014DF4
:10208000832BC14C032C814C832C414C032D014CE0
:10209000832DC14B1301014F828002578547630690
:1020A000F70237270E61B7F705611307C745938716
:1020B000871DBAC03EDC930D00006FF00FF266453D
:1020C00009668145EF10A03AE1BC37270E61B7F7EA
:1020D00005611307C7459387871DBAC03EDC930D82
:1020E00000006FF04FEA357122CD26CBDEDE06CF41
:1020F0004AC94EC752C5B7D40F61EF10701403A779
:102100000457370400619307A002130484051316D3
:1021100027003795066023A8F1842296BA8E130E05
:10212000870F130505BD0148930740079308F01F6B
:1021300065439386F7F9811793F5F60FB337F000EF
:1021400063CFE8206374B3009386A7010507B30744
:10215000D74114C2AA978387070011060548E31ADE
:10216000C7FD23A8E456379506601305C5CCEF10CC
:10217000001937950660130545D0914613060002F5
:10218000F145EF10C017379506609306000413055C
:1021900085D2094693050008EF10601603A6045780
:1021A000379506609D65938505C2130585D4EF10AC
:1021B000001537950660130545D7130610359305AE
:1021C000C006EF10C01303A904570A8513060007C1
:1021D0008145EF10C029931629008A89A296635B76
:1021E00020011C4011048A07CE979843050798C325
:1021F000E319D4FE4E849304000029A011049C1816
:10220000638E870208407DD9EF6060512A8A4A8533
:10221000EF60E050AA855285EF5060732A8AEF1074
:10222000F009AA855285EF50D037AA852685EF5050
:10223000306A11049C18AA84E39687FC37950660DF
:10224000130505DAEF10A00BB797066003A5077614
:10225000EFE01FE737950660130585DBEF10200AD6
:102260002685EFE0FFE537950660130585DDEF1065
:102270000009CE8511463705166002C0EF10805464
:102280000247B7574C4C938717D3630DF70C5AC1CD
:1022900037970660379B0660B797066056C3B7242A
:1022A0000E616D69832A8775032A8B7283A947762D
:1022B00003A401859384C44513090908E2DC269927
:1022C000268C9317D400A18F13D71701B98F1394BD
:1022D00057003D8C13558400EF600052D685EF50B7
:1022E000502CAA85EF50200BD285EF50705ECE8522
:1022F000EF50302B2320AC00110CE31489FD6D67E7
:10230000130707E083268B72269723A881849307FF
:10231000070814C32320D7101107E39CE7FEED66DE
:1023200003278B72938606F0A69698C323A0E71026
:102330009107E39CF6FE83278B726D67BA949CC06D
:102340009104E39E24FF9A4A0A4B665CFA406A4471
:10235000DA444A49BA492A4AF65B0D618280E3129F
:1023600008E011B5B7250E616D66370516601306D6
:1023700006089385C5451105EF10C04437950660E2
:102380001305C5E0EF00B07737950660130505E546
:10239000EFE05FF937950660130585E5EFE09FF8FC
:1023A00037950660130505E6EF007075B7D70F6126
:1023B000114723A6E75659BFB7D70F6183A7C75662
:1023C000717106D709476380E73E634DF732638C2E
:1023D000074005476393E73C22D526D34AD14ECF29
:1023E00052CD56CB5AC95EC762C56AC1EEDE66C31E
:1023F000EF00306037F705616D691304871D13091D
:1024000009084A862A8D81452285EF104006B7D7F4
:102410000F6183A44756B70700619387870513951B
:1024200024003E9593050003EFE02FBDEFF04F91A0
:10243000B7D90F61AA8503A50956B79A0660B74DAB
:102440000461EF405075B7D70F6123A0A95603A5CB
:102450008756938D8D156E99050523A4A756EF60B9
:10246000002CB797066003AA8776AA852A8B528527
:10247000EF10A06BAA8503A58A72EF507045B7973D
:10248000066083A9C7762ACCDA854E85EF10E0690D
:10249000AA8503A58A72A28AEF509043B797066077
:1024A00083A7C77737970660032787773796066035
:1024B000B7960660032C067783AB46773EC8B7967F
:1024C0000261B7270E6126D06AD22ACE568D3AC451
:1024D0001384860D9384C745EE8A03A50A00032B57
:1024E0000D00D285EF50F00BAA8DE2855A85EF5092
:1024F000500BAA856E85EF40106AAA8C0840CE85E5
:1025000023A09A01EF50F009AA8DDE855A85EF507D
:102510005009DA85EF50F008AA856E85EF40B06764
:10252000F24508C0910AEF508042EF10606BE2451F
:10253000AA8D6685EF50A041A245110D1104EF5000
:102540005006C2452A8B6E85EF40F064AA855A85F5
:10255000EF50E03FAA8588409104EF50703723AEDA
:10256000A4FEE31C59F737D90F610327C95583A788
:10257000C18493061700232ED954FD178254125D8F
:1025800099E363060772B7D70F6183A707571387CD
:102590000401B7D60F6123A2E6569384040463C4F2
:1025A000F41483A7C18405476382E7023767666630
:1025B000130777663397E70293D6F7410987158F9C
:1025C0009316270036970607639CE70E379506603B
:1025D00013054502EF00B05283A4C184A00805464C
:1025E00093D7F441B3C597009D8DC800A2C2EFD028
:1025F000FFE4164713D6F4018946B307874023004A
:102600000700B297AC0063C2F66CB387F5409386BF
:1026100037003946AE871305000231A08507A38F26
:10262000A7FE6386D7003387B740E359E6FE63CA47
:1026300004668306810585C213079105394539A0D3
:102640002380D7008306F7FF850791C63386B740FE
:102650000507E357C5FE379506602380070013057D
:1026600085BCEF00D0493795066013050503EF00E0
:1026700010490325C955EF60800AB7D70F61AA85B5
:1026800003A50756EF50A02CEFE09FA3EF00703694
:10269000B7D70F6183A787551306803E8146B307DE
:1026A000F5403335F500898D3E85EF207016AA85FB
:1026B000379506601305C503EF00704483A7C184F6
:1026C00037D70F618507232207569306000037D7B7
:1026D0000F612320D75623A6F184232E0954130714
:1026E00040066344F7582A54BA509A540A59FA4992
:1026F0006A4ADA4A4A4BBA4B2A4C9A4C0A4DF65D62
:102700004D6182800D47639AE7083795066013058F
:1027100085089305C006EF00903EB7574C4C938751
:1027200017D3AC08114637051660BECCEF10402118
:10273000631D055022D54ECF52CD6D64372A0E61F0
:10274000B70916604AD156CB26D313040408130ADE
:10275000CA4591090149930A0040B3052A0133058E
:102760003901A28463F48A00930400402686EF10A6
:10277000201D058C6315054C269965F0379506607C
:102780001305C50CB7051660EF0070372A549A542C
:102790000A59FA496A4ADA4A75A9BA501305803EBD
:1027A0004D616F005029379506601305450622D507
:1027B000EF00F03437940660130504E5EFE09FB6B0
:1027C00037950660130585E5EFE0DFB5130504E5F1
:1027D000EFE05FB5BA502A548D4737D70F612326F3
:1027E000F7564D618280B7F705619387871D6D6647
:1027F0003E851306060881453EDE22D526D352CDFE
:102800005EC74AD14ECF56CB5AC962C566C36AC1AC
:10281000EEDEEF00D0453705006193050003130598
:102820008505EFD09FFDEFE0BFD13795066013051A
:10283000C5E8EF00D02C37950660130585EBEF0057
:10284000102CB7A7066003A8C78783A7878737A57B
:102850000660B7A5066037960660379706600324C2
:102860000588832445880326867503A58588032764
:10287000877283A5C588B79606603EC4B797066081
:102880001383C63E938BC74122C826CA2AD82EDAA4
:1028900032CC3ACE42C6130A810502D402D65ED2A9
:1028A0001AD0825783AD070003A9470093DD2D009E
:1028B0001359290063D52D3593992D00371C0061DC
:1028C00083AD0185F257130C8C850A09B30A3C01CC
:1028D0000144B30B89014ADC568D338B37018144A7
:1028E00022899397DD00B3C7B70193D61701B58F3F
:1028F000939D5700B3CDB70113D58D00EF50D06F26
:10290000E245110D110BEF50C049AA85EF40B028E8
:10291000F245EF50E07B2A840325CBFF232E8DFE6A
:10292000EF5090782A8C2285AE8CEF50F0772A8673
:10293000AE866285E685EF3010392A86AE8626851A
:10294000CA85EF20D023AA842E89E39CABF9625973
:1029500037270E611307C74523A8B185B38DE9005A
:102960002E84AA8CAE8B3A99EE89568D03250D00E4
:102970009109110DEF5050732246B246EF30B0343A
:10298000EF606000AA8503A5C9FFEF40D02023AE09
:10299000A9FEE31D39FDEFE05F852A8DAE89568CD7
:1029A0006E8B03250C00110B110CEF50F06F42469B
:1029B000D246EF305031EF50107DAA850325CBFF72
:1029C000EF500071232EABFEE31D69FDEFE0FF81A8
:1029D000139B1B00668C135B1B00AA8BAE8C03A59C
:1029E0000A00910D910AEF50306C2246B246EF304A
:1029F000902DEF505079AA8503A5CDFFEF40B01977
:102A000023AEADFEE31DB9FD5E87E6853A86AE8650
:102A10006A85CE85EF4060054246D246EF302026DB
:102A20002686A286AA892E89EF402004B707008057
:102A3000FD17B3F827012A8D6286DA864E8533FBAF
:102A4000F500C685EF20B0134256D256EF20301362
:102A50002A86AE866A85DA85EF306022A25BB25A9A
:102A60002A8C5E86D6862E8BEF30900AE28D5A8DA8
:102A70006344A000DE8D568DB79706601385C7EEC0
:102A80006ED46AD6EF00B00792578C438386050058
:102A9000638A061C0147D287514519A06300A70429
:102AA0003A8605072380D700B386E50083860600B3
:102AB0008507EDF6A14663C3E60209063386C740E3
:102AC0002906D9469305000231A08507A38FB7FEDA
:102AD0006386C70033874741E3D9E6FE23800700BA
:102AE000B7970660138587BCD285EF005001B79A6F
:102AF000066013854AEFEF009000A2852685EF500F
:102B00009068EFE0EFDB13854AEFEF00407FCA8566
:102B10004E85EF505067EFE0AFDA13854AEFEF00D4
:102B2000007EDA856285EF501066EFD07F98B79708
:102B30000660138507D0EF00807C825791073ED056
:102B40009257025791073ED2B79706609387874105
:102B5000E399E7D437950660130585EFEF00207AF7
:102B6000EA856E85EF503062EFD09F94379506600E
:102B7000130545F1EF00A07837950660130545F37E
:102B8000EF00E077B7A7066003A6078983A6478909
:102B90006E85EA85EF305005635F0506B7950660E0
:102BA00037950660938545F61305C5F7EF00207548
:102BB000374504616D6613060608814513058515C2
:102BC000EF00F00A379502616D661306060881452D
:102BD0001305850DEF00B009379506609D65938557
:102BE00005C2130585F8212F292537D70F618547A1
:102BF000232CA75437D70F612326F756EDB4EFE007
:102C0000CFDE2A8DAE89EFE04FDE2A87014C014BE3
:102C100081440144E5BBB79506603795066093850E
:102C200085FA1305C5F7E12D37950660130505FCF8
:102C3000F925914737D70F612326F7566DB42A54EB
:102C40009A540A59FA496A4ADA4A379506601305CE
:102C5000450B7525BA50914737D70F612326F75694
:102C60004D618280D287054691BD6123B7D70F6140
:102C700083A787551306803E8146B307F540333559
:102C8000F500898D3E85EF20A038AA85379506602E
:102C900013058504AD25894737D70F612326F756DD
:102CA00099B41307D0022380E700850759B2912316
:102CB000B7970660B305A541138587008925B7D767
:102CC0000F6183A447566FF01F8CAE87E3D3049641
:102CD000C9BF411122C426C24AC006C69547AA846C
:102CE0002E84328963F3A702379706603796066011
:102CF000B7950660130787469306800413060615EA
:102D00009385451C0145EF00C07DBD4763F38702F5
:102D10003797066037960660B795066013078746B3
:102D200093069004130606159385C51D0145EF0013
:102D3000407BB7C7041413553400938707C03E95F2
:102D4000860426950A051D881C4106040D47331785
:102D500087001347F7FF7D8F93773900B240B39711
:102D600087002244D98F1CC19244024941018280CC
:102D7000411122C426C24AC006C695472A84AE84A1
:102D8000328963F2A7023797066037960660B795D7
:102D9000066013078745930660061306061593859C
:102DA000451C01453D2FBD4763F2970237970660EA
:102DB00037960660B7950660130787459306700639
:102DC000130606159385C51D0145212FB7C70414A9
:102DD000938727C53305F4000A051C418545B39543
:102DE0009500630A0900DD8DB24022440CC1924473
:102DF00002494101828093C5F5FFFD8DF5B7411170
:102E000022C426C206C695472A84AE8463F2A7026E
:102E10003797066037960660B795066013078744B4
:102E20009306000A130606159385451C0145552D8A
:102E3000BD4763F297023797066037960660B795ED
:102E40000660130787449306100A13060615938538
:102E5000C51D01457925B7C70414938787C53E94DE
:102E60000A041C408545B3959500DD8DB2400CC029
:102E70002244924441018280411122C406C626C2E6
:102E80004AC08D472E8463F5A70E379706603796A4
:102E90000660B7950660130747499306B007130607
:102EA000061F9385452601452D2D61C40145B2407D
:102EB00022449244024941018280B7D40F6183A722
:102EC000445795E3B7371050D853B7576E0A9387D6
:102ED000079C418319C7B7470F0093870724B3079F
:102EE000F70223AAF456B7970660131925009387B3
:102EF000074AB7061050CA9798429C43D98F9CC284
:102F000089476317F50205463285B545EFF07FDC4A
:102F10000146B5450545A93DB5450545CD350546AF
:102F20003285B945EFF0FFDA0546B9453285893576
:102F300003A7445793571400BA97054763E48700E3
:102F400033D78702B79706609387074BCA97944396
:102F500023A206020F00F00F9317070193E76731D2
:102F6000DCD20F00F00F03A544573355E50281B7BB
:102F7000A9F53797066037960660B7950660130780
:102F800047499306C0071306061F93854528014548
:102F9000892B29BF411122C406C68D472E8463FFA9
:102FA000A70E3797066037960660B7950660130739
:102FB00087489306F00B1306061F938545260145A7
:102FC0000D2369E82244B2403797066037960660C1
:102FD000B7950660130787489306000C1306061F73
:102FE0009385452901454101EDA937470F00130796
:102FF00007249441C18A99C27D1765FF37470F00A6
:10300000130707249443858A99C27D1765FF984169
:10301000418B49E39843058B35EFB2866374CF004B
:1030200093060010B30FE40083C20F00B30FA70094
:10303000050723805F00E397E6FE23A0AE00232070
:10304000DE0023A065000F00F00F37470F001307C5
:10305000072483AF050093FF0F0163840F007D17E2
:103060006DFB37470F001307072483AF070093FF5B
:103070001F0063840F007D176DFB9841418B19EB96
:103080009843058B01EB3694158E850801C633876E
:10309000080121FFB24022444101828085D5B797C3
:1030A00006600A059387074BAA979C43217837054A
:1030B000005093858701938E0701138E4701814845
:1030C0009387070213080896130F001013050500D5
:1030D00041436DBF011106CEA307B1008D4763E9DF
:1030E000A70005469305F1007535F2400561828021
:1030F0003797066037960660B79506601307C7478F
:10310000930650111306061F938545260145D12EBF
:10311000E9BF797106D622D426D24AD04ECE52CCFF
:1031200056CA73272034B7070080AD076318F70627
:10313000F32900FC37D40F61939719001304C44D91
:1031400063D907003C5C91C737C701E0054508CF4C
:103150008297B79406609384044C0149854A514A8A
:10316000B3972A01B3F7370199C79C40884B88CBA6
:103170001C4091C38297050991041104E31249FF91
:1031800085679387078073A04730B25022549254CA
:103190000259F249624AD24A45618280B7F7125019
:1031A00098474D9B98C7B7F712509387C714984319
:1031B0001367270098C3B7F71250938747139843B4
:1031C0001367270098C302C6B247F5DF7DBF37D724
:1031D0000F618327875789EFB7570500B7B601E01E
:1031E000938707739CD20F00F00F8547232CF75667
:1031F0008280B7D70F6183A7875795E3411106C631
:10320000F937B7B701E037B701E0910721078C43E1
:1032100008439443E39DD5FEB24041018280B7B795
:1032200001E037B701E0910721078C43084394433D
:10323000E39DD5FE8280B7D70F6183A787574111E1
:1032400022C406C626C24AC02A8491E349375537AC
:10325000AA842E89793FB30795403335F500B385AD
:1032600025416394A500E3E787FEB24022449244DF
:10327000024941018280011126CA06CE22CC4AC8E9
:10328000440039E1930700032302F10085473E879C
:1032900093060003634FC70401446344F6003304FC
:1032A000F6403E947D147D59B387840083850700E2
:1032B00009457D14EFF01FE2E31824FFF240624459
:1032C000D24442490561828026878147A548B3766A
:1032D000B5021388760563E4D8001388060323003B
:1032E0000701B356B50285070507E362B5FA3685CF
:1032F000F9BFB385E4002380D500050761BF59718C
:10330000A2C486C6A6C2CAC04EDE52DC56DA5AD85D
:103310005ED6AECAB2CCB6CEBAD0BED2C2D4C6D6B3
:103320002A8405E13797066037960660B7950660F0
:10333000130707519306A0021306462A9385853189
:103340004D22DC083ECE93095002130A00031309F4
:103350003007930A5007130B3006930B4006830582
:10336000040081EDB640264496440649F259625A5B
:10337000D25A425BB25B656182806398350D8305EA
:1033800014006388450305040146638D25096343E2
:10339000B9046386650B638B7505930750026386DA
:1033A000F50A930550020945EFF0DFD283050400CA
:1033B00069A8090401462547294583050400938728
:1033C00005FD93F6F70FE362D7FC3306A60205046A
:1033D0003E96E5B76381550593078007E393F5FCB7
:1033E000F247C145138747003ACE1DA8F2478443F0
:1033F000138747003ACE63DB04009305D0020945EA
:1034000032C6EFF03FCD3246B3049040A945268541
:103410009D350504A9B7F247A945138747003ACE61
:103420008843FDB7F2478443138747003ACE83852C
:103430000400E5D109458504EFF0DFC9CDBFF247AF
:1034400083850700138747003ACE0945EFF09FC8F0
:10345000C9B781476313F60082803387F50083463E
:1034600007003307F50085072300D700E5B72A9644
:10347000AA876393C70082808507A38FB7FED5BF55
:10348000F1659385052009456FF01F9F411106C620
:10349000C53FB240014541016FF0FFD9411106C659
:1034A000F537EF50606BEFE01FC4EFE0FFF0F5BFC2
:1034B00011CAFD1581473307F6000307070011E71E
:1034C000BE852E9523000500828093861700AA975B
:1034D0002380E700E387B6FEB687F1BF8280828053
:1034E00001A0697123261112232481122322911233
:1034F0003684AA8423202113232E31112E89BA89E0
:10350000232C4111232A5111B28AC93FB757455381
:10351000370A2061938737652320FAF04A8693059E
:1035200000041305CAF023229AF023248AF04937B5
:103530005686930500041305CAF49D3F4E869305F5
:1035400000031305CAF8AD378D47232E0AFA63EE40
:103550009708B7970660139724009387C751BA97C7
:103560009443B7970660014793878733080893050C
:10357000F00F3306F700030606002DEEBA87930519
:10358000F00F3386E74036960306060019C2639BA8
:10359000B7061387270063EEE500938707118A9724
:1035A0009306D0052380D7F093060002A380D7F0BE
:1035B000BA87BE861306F00F63910A0613871600BA
:1035C000930700106304F70693870611B38627005C
:1035D0009307A0032380F6F0B306E500635B0404C1
:1035E0003304804005468147A1A8B79606609386BC
:1035F000863285BFE304B7F83308E5002300C8002E
:10360000050785BF3308F5002300C800850795BF6F
:10361000B305D5002380E50085063387F64056972D
:103620000307070041DFE395C6FE49BF1307F00F0C
:1036300065B725EC930700032302F1000146854797
:10364000B14813034100294821A8B3650403330E90
:10365000F300850733440403938505032300BE006C
:1036600019C0E39417FF814509CA13060711930592
:10367000D0020A962300B6F08545AE963E86130822
:10368000410015E6BA97AE97638209069385570005
:10369000BE86B7970660938707331306F00F368709
:1036A0008506637FD600BA862DA001462DBF7D1604
:1036B000B308C80083C808008506A38F16FFD1B7DA
:1036C000038807003307D5008507A30F07FFE3989A
:1036D000B6FCB6879305F00F3387D7404E970306A5
:1036E000070009C61387170063FCE5061387470028
:1036F0009306F00F63E6E60213870711B30627006F
:103700001307A0032380E6F0130600021387271196
:10371000A380C6F00A97930680028D072300D7F096
:103720003E879305F00F631809049307370093064B
:10373000F00F63EDF6049307071133872700930713
:1037400090022300F7F0A947A300F7F0230107F048
:10375000EFF0FFD88947638EF402EFF07FD801A025
:10376000B307E500A38FC7FEBA87BDB73307D500FF
:10377000A30FC7FE3687B306F740CA960386060036
:103780004DD693061700E3F3D5FE45B7A307011006
:10379000C1B78320C112032481128324411203295B
:1037A00001128329C111032A8111832A4111556114
:1037B00082800F1000000F50000001000100010086
:1037C00001008280411122C426C24AC006C6AA84D2
:1037D0002E84328995E13797066037960660B79553
:1037E00006601307875593062003130686369385D4
:1037F000C53D0145EFF0FFCE6D3F8147639827013E
:10380000B2402244924402494101828033879700AA
:10381000834607003307F40085072300D700F9BF6C
:10382000797122D44AD006D626D24ECE52CC56CA70
:103830005AC85EC62A842E8995E137970660379666
:103840000660B7950660130787549306B007130602
:103850008636938545290145EFF0BFC8B707166046
:103860007D55636EF40A9307040237A73D606368D1
:10387000F70A9377F401C5E79569256A894AB70481
:103880000040130B000293890920130A8A52854BCA
:10389000631309023797066037960660B79506608E
:1038A000130787539306000413068636938545292C
:1038B0000145EFF01FC39C40F19B9CC00F00F00F2F
:1038C00001473306E90008424C42B306E40088C2CF
:1038D000CCC20F00F00F2107E31567FF13E72700A5
:1038E00098C00F00F00F232034010F00F00F2320A9
:1038F00044010F00F00F9CC00F00F00F5D3D553DDF
:1039000081473307F400B306F9000347070083C675
:1039100006006393E6028507E39567FF0145B25011
:10392000225492540259F249624AD24A424BB24B53
:1039300045618280854AA9BFE39E7AFF7955C5B764
:10394000397122DC26DA4AD806DE4ED652D456D257
:103950005AD0AA842E89328495E13797066037962B
:103960000660B79506601307C7529306400A130610
:103970008636938545290145EFF0BFB6B707166037
:103980007D5563EAF400B387840037A73D60636424
:10399000F70001EC0145F2506254D2544259B25939
:1039A000225A925A025B2161828093FAF401638069
:1039B0000A0493090002B389594113FB04FE63739F
:1039C0003401A289130600028A855A85EFF09FDF31
:1039D000CA854E8633055101EFF0BFA78A855A8507
:1039E000EFF01FE44DF94E99CE9433043441A17A9F
:1039F000014A2299A294938A0A9601A8DA854E85F3
:103A0000EFF01FE249F90114050AB3075A01330B1D
:103A10008940B389844081C793370402E5D33DD8F8
:103A20008A854E8513060002EFF0DFD9DA852286FB
:103A30000A85EFF01FA28A854E85EFF07FDEA1BFD9
:103A4000B7870240985B1367070298DB0F00F00FFF
:103A50008280411122C426C206C6AA84EF00407D9E
:103A60002A842685EF00E07B1DC19765000083A5B1
:103A7000A5D12685EF40C0216351A002EF50600D13
:103A800017640000032404D0930720021CC1B24035
:103A9000228522449244410182809765000083A5DB
:103AA000E5CE2685EF404027E35305FEEF50600A40
:103AB000930720021CC113040000D1BF411122C48E
:103AC00026C206C6AA84EF00101D2A84A685268574
:103AD000EF40D0361DE5930500002685EF40401BE2
:103AE0006341A002930500002685EF40201505E103
:103AF000EF50200617640000032484C993072002B6
:103B00001CC1B24022852244924441018280EF5080
:103B100040042244B2409244930710021CC117553E
:103B200000001305A52E4101A5AB411122C426C2F8
:103B30004AC0AE8406C62A89EF0070422A84A68550
:103B40002685EF40B02F49E1930500004A85EF40FC
:103B5000E00E1DE5930500002685EF40200E25CDE3
:103B60002685EF00006C2DC1930500002685EF40EF
:103B7000A01A635B0504EF40D07D9307200235A0B7
:103B80002285EF00006A05E54A85EF00806905C1DE
:103B90002685EF00006901CDA2852285EF40102A1D
:103BA00079D9EF40107B930710021CC131A893050F
:103BB00000002285EF40800801E94A85EF00606639
:103BC00001C52685B92D45F9B2402285224492448B
:103BD00002494101828017640000032424B5EDB737
:103BE000411122C426C206C6AA84112B2A84A685A6
:103BF0002685EF40B0241DE1930500002685EF40A7
:103C0000A011635D0500EF40D07493071002930587
:103C100000001CC12E85EF3090532A84B2402285CB
:103C20002244924441018280011126CAB7040080D7
:103C30009387F4FF22CC06CE4AC84EC6E98F3707D9
:103C4000807F2A8463EDE702976700009387C7C5EA
:103C500088438443A285634E0400EF30504FA6850D
:103C6000EF306073F2406244D2444249B249056188
:103C70008280EF30D04DA685EF408045E5B737070D
:103C8000B04163FCE7083707002463FDE700AA851D
:103C900017650000032545C1EF30E06FA285EF40B6
:103CA0004010C9B73707803F17690000130989BF63
:103CB00063ECE702A52383250900EF40800EBD20B9
:103CC000AA859764000083A424BE832909000325E4
:103CD0000900EF30406CAA854E85EF305047AA8529
:103CE0002685EF40E03E25A083290900052BAA8503
:103CF00033C53401EF40E00A1528AA8503250900E1
:103D0000AD8CEF304069AA852685EF305044E35BE7
:103D100004F4B70700803D8DB1B717650000032597
:103D2000A5B89765000083A565B765BF7971B7072A
:103D3000008026D237C79541B3F4A700FD1722D4DF
:103D400006D64AD04ECE52CC56CAE98F13073784D6
:103D50002A84637AF7063707807FAA856362F72C87
:103D60006399E700638C042017640000032444A3D4
:103D700031A48DE03777B14213077721637DF716C1
:103D80002254B25092540259F249624AD24A014531
:103D9000456185A69765000083A5C5A0EF30A05FAB
:103DA00093050000EF305077E34005FC9765000075
:103DB00083A5C59F2285EF30D07EAA8517650000B8
:103DC0000325459DA1A23777B13E13078721637470
:103DD000F7183717853F130717596365F716976567
:103DE000000083A5659C639F040EEF40602E9769D9
:103DF000000083A9A99A2A898544CE854A85EF4087
:103E0000202DAA852A844A85EF40802CCE85EF405C
:103E1000202CAA899765000083A5C5912285EF30E3
:103E200050782A8AAA852285EF30B07797650000FE
:103E300083A505982A89EF30D0769765000083A581
:103E40006597EF304055CA85EF30B0759765000033
:103E500083A58596EF40C027CA85EF30907497659B
:103E6000000083A5A595EF300053CA85EF3070732D
:103E70009765000083A5C594EF408025CA85EF3083
:103E800050729765000083A5658AEF30C050AA85FF
:103E9000AA8A5285EF30F070AA85176500000325C5
:103EA0006592EF40E022AA852AC65685EF4040225F
:103EB000B2452A8A2285EF30D06EAA8517650000A8
:103EC00003258590EF40C020AA855285EF30302829
:103ED000CA85EF30106DAA85C5EC2285EF30706C75
:103EE000CA8571A0EF30204B2A899769000083A909
:103EF000A98AFD5419B79765000083A5258BEF307B
:103F0000506AAA85176500000325C582EF30A048D6
:103F1000EF404076AA84EF4090009765000083A5AB
:103F2000A588AA89EF30F067AA852285EF40401A5C
:103F30009765000083A585862A894E85EF307066D7
:103F4000AA8965BD9765000083A54586EF30706539
:103F5000AA85CDD8A5B5370700338144E3FCE7EA4D
:103F60009755000083A5057CEF30E042AA85EF401D
:103F70002016AA852285EF40A0152A84B2502285FA
:103F8000225492540259F249624AD24A45618280CF
:103F9000CE85EF40E013A285EF30B060CE85EF40D4
:103FA0002013CA85EF40C012FD572A896391F4029D
:103FB000AA852285EF40C0119755000083A585771B
:103FC000EF30305E9755000083A5C5766DB7854705
:103FD000639BF4049755000083A5457F2285EF304D
:103FE000B053635405029755000083A5A57422853C
:103FF000EF30603AAA854A85EF40800D9755000062
:1040000083A5057DEF30F0598DBFCA852285EF402D
:10401000200CAA85EF3020389755000083A5057144
:10402000EF30603799BF93871400130790031399FB
:1040300074016372F702A285EF408009AA851755C3
:1040400000000325A56EEF40A0089755000083A54A
:10405000E56D4A950DB7D94763C39702B7070001CD
:10406000B3D79740A285B704803F9D8CEF404006B0
:10407000AA852685EF40C0053304A90001B7930542
:10408000F007858DDE05EF300031AA852285EF40EF
:1040900020049755000083A56569EF30C02FE9BF64
:1040A00017550000032505738280011122CC06CE2E
:1040B0002A842EC6EF40F029B245F2400CC1228579
:1040C000624405618280411106C601CD370500803A
:1040D0002D8DEF30104DB2409305200241016FF05D
:1040E000DFFC2E85FDB79755000083A5E56E6FF0C8
:1040F0009FFD9755000083A5656E6FF0DFFC0111F1
:104100009317150022CC06CE26CA4AC84EC652C402
:1041100085833707807F2A8463E3E702AA85EF302F
:104120005048AA852285EF3000272A84F240228554
:104130006244D2444249B249224A05618280FDD795
:10414000AA8763590500AA85EF309078AA85EF30D9
:104150001000E1BF135775011377F70F1354754122
:1041600019EB01478607939687003A840507E3DB3E
:1041700006FE33048040370780009306F7FF1304E0
:1041800014F8F58FD98F1377140011C386070584AF
:104190008607654681440145B7060001B305D50091
:1041A0003E8763C7B7003385D5003387B740B694E1
:1041B0007D1693171700858275F239C717590000CD
:1041C0001309C96E975900009389896D0325090069
:1041D00083A50900832709003E8AEF30706FAA8506
:1041E0005285EF3070336341A0020325090083A597
:1041F000090003290900EF30001AAA854A85EF302B
:10420000B031635A050089048584B707003FBE9426
:104210005E04269421BF8504F998FDB70605058143
:1042200082800605B707807F05813335F5008280DF
:1042300001119317150022CC06CE26CA4AC84EC6D5
:1042400052C456C285833707807F2A84AA85636F4C
:10425000F71C135AF501639EE700631B0A22F24024
:1042600022856244D2444249B249224A924A0561B7
:1042700082803777B14213077721635DA7006244DC
:10428000F240D2444249B249224A924A014505616C
:104290006FF03FE637F7CF421307571B637FF700F6
:1042A000630D0A006244F240D2444249B249224AB4
:1042B000924A014505616FF01FE33777B13E13075E
:1042C0008721637DF7123717853F1307175993141A
:1042D0002A00636CF70C975700009387E75DA69759
:1042E0008C432285EF30D05E975700009387475C60
:1042F000A69783A9070093441A002A89B3844441EE
:10430000CE854A85EF30D05C2A84A2852285EF30A5
:1043100050299755000083A5A54C2A8AEF307028B4
:104320009755000083A5054CEF30905AD285EF30A9
:1043300050279755000083A5254BEF30C005D28547
:10434000EF3030269755000083A5454AEF3050588E
:10435000D285EF3010259755000083A56549EF30D1
:104360008003D285EF30F023AA852285EF305056A6
:10437000AA852A8A2285EF30D022AA8AD5EC9755C1
:10438000000083A525475285EF309054AA855685B5
:10439000EF30E05BA285EF30B053AA8517550000DF
:1043A0000325C538EF30D05261A09755000083A592
:1043B000E53F2285EF30F01E975700009387475066
:1043C000A6978C43EF20307DEF40C02AAA84EF40AF
:1043D00000359755000083A5253DAA89EF30701C54
:1043E000AA852285EF30D04E9755000083A5053B66
:1043F0002A894E85EF30F01AAA8919B73707003499
:1044000063FAE7029755000083A5C5312285EF20A6
:1044100090789755000083A56531EF307007635B96
:10442000A0009755000083A565302285EF20B07667
:104430002A8435B58144D1BD175500000325853B3D
:10444000D285EF30F048AA855685EF304050AA85D6
:104450004E85EF30F047CA85EF309047AA85175553
:1044600000000325A52CEF30B046930730F863C653
:10447000F400DE043384A400DDB39755000083A567
:10448000A53793844406DE042695EF3090114DB78E
:1044900013040000E9B3797106D622D426D24AD09B
:1044A0004ECE52CC56CA5AC85EC69317150085E741
:1044B000175500000325853493050000EF3020498F
:1044C000B250225492540259F249624AD24A424BA3
:1044D000B24B45618280AA852A8463570500EF307C
:1044E000303F93050000D9BFB707807F6345F500D3
:1044F000EF20706AF1B7370780008147635AE50003
:104500009755000083A5C52FEF30B0092A849D5729
:1045100013577441B7068000130717F83E97938727
:10452000F6FF7D8CB7074B00938707B2A297F58FF4
:1045300093D477419755000083A5451FBA94370758
:10454000803F33C5E700418DEF3090389307F4008A
:10455000139797003583AA8941EF93050000EF3048
:10456000E06D0DE913050000A1DC2685EF40201B5E
:104570009755000083A54523AA84EF3090029755F4
:10458000000083A5A5212A842685EF309001AA8505
:104590002285B9BF9755000083A5C5264E85EF300B
:1045A0005000AA85175500000325C518EF3050327A
:1045B0002A84CE854E85EF30C07EAA852285EF30D5
:1045C000407E2A8499E0A2851DA22685EF40201511
:1045D0009755000083A5451D2A89EF30807C9755AB
:1045E000000083A5A51BAA844A85EF30807B35A2F5
:1045F0009755000083A505203769CFFF130909C32C
:10460000EF207059AA854E85EF306034AA8A26853E
:10461000EF40E010D6852A8B5685EF308078AA854A
:10462000AA8BEF3000789755000083A5E51D2A8AF4
:104630002299EF3000779755000083A5251DEF20C4
:104640009055D285EF30E0759755000083A5451C45
:10465000EF207054D285EF30C0749755000083A5C9
:10466000651BEF205053DE85EF30A0739755000097
:1046700083A5851AAA8B5285EF30A072975500004A
:1046800083A5C519EF203051D285EF308071975541
:10469000000083A5E518EF201050D285EF30607040
:1046A000AA855E85EF20304FB7C7350093878728EE
:1046B000818FB3E727012A8A635BF00697550000D4
:1046C00083A545074E85EF30C06DCE85EF30606D18
:1046D000AA852A845285EF20104CD685EF30606C75
:1046E0002A8991E8AA852285EF30901EAA854E85F9
:1046F000EF30101EF1B39755000083A5E50A5A85E7
:10470000EF30206A9755000083A54509AA845A8591
:10471000EF302069CA85EF201048AA852285EF3046
:10472000301BCE85EF30D01AAA852685D1B7AA8551
:104730004E85EF30F019D685EF30A0662A84E384E9
:1047400004E89755000083A525065A85EF3060657B
:10475000AA849755000083A565045A8579B55D71D3
:104760004EDEB7090080FD19A2C4A6C252DC86C67F
:10477000CAC056DA5AD85ED662D466D26AD06ECE35
:1047800033FAB9002A84AE8463100A02B7074000E6
:10479000A98F8607370780FF6378F76EA685228585
:1047A000EF20703FAA8549A83707807FB3F9A90099
:1047B0009307170063F4F900636AFA00B707803FB4
:1047C000E31EF4FCB7074000A58FE1B7635805046A
:1047D000B707804B637FFA70B707803F636CFA6A54
:1047E00013577A4193076009998F3357FA40B317EB
:1047F000F700014963964701058B09493309E940F0
:10480000B707803F6313FA06A28563D704021755E2
:1048100000000325A5F1EF30801369B70149E311CA
:10482000EAFEB707803F6381F96663F73703A68521
:1048300063D4040093050000B6402644964406491C
:10484000F259625AD25A425BB25B225C925C025DC0
:10485000F24D2E856161828093050000E3DE04FC49
:1048600037050080B3459500C1BFB7070040639589
:10487000F468A2852285EF30C0522DB7135BF40196
:104880007D1BB367690199E7A2852285EF3050044B
:10489000AA8551B7B707004D63FB4717B707803F9D
:1048A000CD1763E5370363DA040201452644B640B9
:1048B00096440649F259625AD25A425BB25B225C74
:1048C000925C025DF24D61616FF0BF82B707803F7D
:1048D0009D0763F53703E34A90FC01452644B64043
:1048E00096440649F259625AD25A425BB25B225C44
:1048F000925C025DF24D61616FF0EFFE9755000032
:1049000083A5C5E2EF30C07C9755000083A585F1F3
:104910002A84EF3000499755000083A5E5F0AA8965
:104920002285EF3000489755000083A525F02A8A9C
:104930002285EF300047AA8517550000032585EC36
:10494000EF300079A285EF30C045AA8517550000E9
:10495000032545DEEF30C077AA8AA2852285EF3095
:104960004044AA855685EF30C0439755000083A583
:10497000E5E3EF300043AA855285EF306075AA85E4
:104980002A844E85EF203021FD777D8DAA8ACE8541
:10499000EF300074AA857D192285EF30607333698A
:1049A00069012A846309092E17590000032909D8CF
:1049B0007D7A337A9A00D2852685EF306071D6856C
:1049C000EF30203EAA89A6852285EF30803DAA855A
:1049D0004E85EF20501CAA89D2855685EF30603C69
:1049E000AA852A844E85EF20101B93171500AA84F0
:1049F0008583635EA02C370700436373F72A930512
:104A000000004A85EF3040311325050045B51357A6
:104A100074011377F70F814709EB9755000083A5C1
:104A200025E1EF300038AA8AA15713DC7A41130C34
:104A30001CF8370780003E9C9307F7FFB3FAFA0093
:104A4000B7C71C003704803F9387174733E48A00B9
:104A5000814B63DC5701B7B75D009387673D854B9A
:104A600063D557015E9C198C814B939C2B00975703
:104A70000000938767E6E6979C432285FD79BE8513
:104A80003E8DEF30E064AA8DA2856A85EF20B010DC
:104A9000AA8517550000032565C9D60BEF20306B9A
:104AA000AA852AC66E85EF30C02F9357144037F77A
:104AB000FFDFF98F37070020D98F37074000BA97FB
:104AC000BE9B33FAA900AA8ADE855285EF30602D9D
:104AD000AA856E85EF30C05FAA8DEA855E85EF30CE
:104AE000205FAA852285EF30A05ED285EF30602B53
:104AF000AA856E85EF30C05DB245EF30802A2A8DE1
:104B0000D6855685EF30E0299755000083A585D2DC
:104B10002A84EF3000299755000083A5E5D1EF20C6
:104B20009007A285EF30E0279755000083A505D1B7
:104B3000EF207006A285EF30C0269755000083A5B0
:104B400065CCEF205005A285EF30A02597550000D9
:104B500083A505CFEF203004A285EF308024975540
:104B6000000083A525CEEF201003AA8BA285228505
:104B7000EF302023AA855E85EF30A0222A84D285DB
:104B80005685EF205001EA85EF30A021A285EF2065
:104B90009000AA8DD2855285EF30A0209755000055
:104BA00083A545C22AC6EF20007FEE85EF20A07EB8
:104BB00033F4A900A2855285EF30A01E975500005E
:104BC00083A545C0AA8B2285EF308050B245EF30D7
:104BD0002050AA856E85EF30A04FD685EF30601C3F
:104BE0002A8AA2856A85EF30C01BAA855285EF20EC
:104BF000807AAA8AAA855E85EF20E0799755000021
:104C000083A585C433F4A9002285EF3080192A8A50
:104C1000DE852285EF30C04BAA855685EF30404BAC
:104C20009755000083A585C2EF30A0179755000067
:104C300083A505C2AA8A2285EF30A016AA855685CB
:104C4000EF20607597570000938707C8E6978C435D
:104C5000EF2060742A846285EF30702C9757000033
:104C6000938707C7E69703AC0700AA8BA2855285F6
:104C7000EF206072E285EF200072DE85EF20A071E8
:104C800033F5A900DE85AA8AEF308044E285EF3053
:104C90002044D285F5B917590000032969B009BB32
:104CA000639EE7049755000083A5C5BA4E85EF20A3
:104CB000806E2A8AA2852685EF308041AA8552859A
:104CC000EF20107DE34DA0D29307600835A8370789
:104CD0001643637AF700930500004A85EF30C0035E
:104CE00013250500E5BE639BE700A285EF30403E3B
:104CF000CE85EF20F079E34905FCF1BF3707003F8F
:104D0000014A6376F704DD87B7068000938727F8AA
:104D1000B3D7F640A69713D777411377F70F13074A
:104D200017F8B70580FFB3D5E5401386F6FFFD8D74
:104D30005D4AF18FD58F330AEA4033DA474163D4B5
:104D40000400330A40412285EF3080382A84CE8522
:104D50002285EF2040649755000083A5E5AFE174FC
:104D6000E98C2685EF30E003AA8AA2852685EF30FC
:104D70002036AA854E85EF30A0359755000083A5D3
:104D8000E5ADEF3000029755000083A565AD2A849C
:104D90002685EF300001AA852285EF20C05F2A8496
:104DA000AA855685EF20205FD685AA84EF30403251
:104DB000AA852285EF30C031AA89A6852685EF20F5
:104DC000507E9755000083A5A5A12A84EF20707D11
:104DD0009755000083A505A1EF30802FA285EF2015
:104DE000507C9755000083A525A0EF20C05AA285CE
:104DF000EF20307B9755000083A5459FEF30402D75
:104E0000A285EF20107A9755000083A5659EEF20BC
:104E10008058A285EF20F078AA852685EF30402BB8
:104E20002A84AA852685EF20D0779755000083A590
:104E3000659CAA8A2285EF30A029AA855685EF2095
:104E400010312A84CE852685EF20B075CE85EF20DF
:104E50008054AA852285EF30A027A685EF30402711
:104E6000AA85175500000325658CEF30602693173F
:104E70007A01AA9713D777416345E000D285652070
:104E8000AA87CA853E85C5BA9755000083A5058ABD
:104E90006FF09F9AB70700400149E38CF59C22858B
:104EA000EFF0CFB7370700C0B367E400370780FFE4
:104EB000998FCE8AAA8599C3E392099C63D904008D
:104EC0001755000003258586EF207028AA85E35535
:104ED0000496B70780C0CE97B3E727012E85E387F6
:104EE000079A8547E31AF994B7070080BD8D6FF0E4
:104EF000BF940949E307EA92E34304FAB70700C104
:104F0000A697D1FF22852644B64096440649F25919
:104F1000625AD25A425BB25B225C925C025DF24DF5
:104F200061616FF0CF9D93161500AA87EDC2411104
:104F300022C413D7160006C6B706807F2E84636787
:104F4000D700AA85EF202045AA87B5A893567501FA
:104F500093F6F60FB1EE9755000083A5658AEF2012
:104F600050645177130707CBAA876340E4081357AF
:104F700075411377F70F1D17B1669386063563C821
:104F80008600B30587001307E00F6355B702174586
:104F900000000325257963D6070017550000032577
:104FA000658C9745000083A5E577EF20905F69BF8A
:104FB0005D83D9B7635EB000B7078080FD177D8D34
:104FC000DE05B367B500B24022443E8541018280D0
:104FD000295763D1E502174500000325A57C63D658
:104FE000070017550000032525889745000083A575
:104FF000657B65BF37078080E5057D179397750151
:10500000798D9755000083A565865D8D79BF828077
:105010003288AA87AE88D5E663F3C51C416763640E
:10502000E62C3707000161436373E6004143B35642
:105030006600174700001307E75E3697034707002F
:10504000930600021A97630DD700998EB398D50086
:105050003357E5003318D600B317D500B3681701EE
:105060001356080133D5C80293160801C18213D71D
:105070000701B3F8C802B385A602C2083367170157
:10508000637AB700B308E800468763F4B80063F1B9
:10509000082D7D150D8FB355C702C207C183337725
:1050A000C702B386B6024207D98F63F8D700C2970A
:1050B00063F4D70063FC0729FD1542054D8D81453A
:1050C000828063F5D500814501458280C16763E533
:1050D000F62237070001E14763F3E600C14733D802
:1050E000F600174700001307E753429703470700EE
:1050F000130800023E97630707213308E840B358BE
:10510000E600B3960601B3E8D80033D3E50093DE9A
:105110000801B357D303139E0801B3950501135E2D
:105120000E013357E5004D8F9356070133160601E4
:105130003373D303B305FE024203B3E6660063FA9A
:10514000B6003383D8009A866374B3006375132363
:10515000FD178D8E33D3D60342074183B3F6D603B2
:10516000B3056E02C206558F637AB700B386E800B6
:10517000368763F4B60063F8161F7D13C207B3E6E3
:1051800067000D8F9317060193150301C183C18139
:1051900013D306014182330EF302B388F502B385BF
:1051A000C50293D70801F295AE973303C30263F4A7
:1051B000C7014166329313D607011A96636DC70083
:1051C000C20893D80801C20733150501C697637555
:1051D000F5186313C7181385F6FF81458280630AAB
:1051E000061041676372E6149338061093B81800EE
:1051F0008E08B3561601174700001307A7423697CB
:10520000034707009306000246976307D710B3874A
:10521000E6403318F60033D3E50093580801335EB7
:10522000130313160801B395F50041823357E500C7
:105230004D8F93560701B317F50033731303B3056E
:10524000C6034203B3E6660063FAB6003305D8002E
:10525000AA866374B500637405117D1E8D8E33D5E7
:10526000160342074183B3F616033303A602C206B0
:10527000558F637A6700B306E800368763F46600EB
:1052800063F7060F7D1593150E01C98D330767402F
:105290003355170393D60701337717033303C5023A
:1052A0004207558F637A6700B306E800368763F4D8
:1052B000660063F906097D1533076740B356170387
:1052C000C207C183337717033386C6024207D98FDB
:1052D00063F8C700C29763F4C70063F30707FD16BE
:1052E0004205558D828013330610133313000E03CD
:1052F0003DBB8146814801B793B7061093B71700AD
:105300008E07F1BB3336C500B3B6B60013361600B0
:1053100033E5C600814582803387C5409358060136
:10532000420641828545ADB7370700016376E60046
:1053300093560601C148C1B593568601E14865BD43
:10534000F91679BF791533870601BDB7F915B5B3DD
:105350007915338708013DBB368581458280791EEA
:10536000B3060501E5BD79133387160101BD791533
:105370003387060109BFF917B3061301D9BB3703F9
:1053800010007D13B377B300337ED30013D84501EB
:1053900093D846018E0701111357D5015D8F0E0E6C
:1053A0009357D6011378F87F93F8F87F06CEFD81E6
:1053B000FD82B3E7C701B30E1841131F3500931FD9
:1053C0003600638DD5142A836357D00D6387081E7A
:1053D0009306F07F6304D8409306800363CFD61F03
:1053E000B7068000D58FFD4663C8D64F93060002EE
:1053F000B386D6413396D700B396DF00B3DFDF0123
:10540000B336D0003366F601B3DED701558E3307CD
:10541000D7413306CF40B337CF001D8F9317870096
:1054200063D20736260725836317071C32853AC6E1
:1054300042C42EC232C0EF30E06A93068501FD48B7
:10544000024692452248014763D4D81C930785FF42
:10545000B317F60063C8064B338606419306160061
:1054600063DAD87A05161305000233D6C700638BBA
:10547000A60013050004B306D540B397D700B33791
:10548000F0005D8E63070626937776006398071C0D
:10549000328F014709A463800E1E33830841631EC7
:1054A0000838B365E701638505509305F3FF638C06
:1054B00005621305F07F6308A35A13068003635542
:1054C000B6721386FFFFB3BFCF003387F741931542
:1054D0008700B707800063C50578B6851A889307EB
:1054E000460033B6C70032973E869317870063D3D2
:1054F000072A930618009307F07F13FE1500639B9D
:10550000F62413974601F2408147D98F1317FE0105
:10551000B3E6E7000145B685056182802E8E635AA9
:10552000D01F6393081AB3E6F701638B0652930EFC
:10553000F8FF638F0E489306F07F630BD8509306F5
:10554000800363CFD619FD4663CFD65313060002FE
:105550003306D641B396C7003396CF00B3DFDF01E1
:105560003336C000B3E6F601B3DED701D18E7697AD
:10557000B387E601B3B6D70036973E869317870008
:1055800063D2072005089307F07F6307F84EB7073B
:1055900080FF93561600FD17058AD18EF98F13965A
:1055A000F70113F5760013D71700558E1DDD93779D
:1055B000F6009146E38BD7F21DB7B3E6F701638897
:1055C0000630930EF8FF63890E449306F07F63075D
:1055D000D82093068003E3D8D6E11306FFFFB33744
:1055E000CF001D8F93168700B7078000E3D906EE22
:1055F0001387F7FF7D563A8532C642C42EC23AC0A1
:10560000EF30404E0247924522483246930685FFCE
:1056100013050002B307D540B357F6003317D70080
:10562000D98F3316D60063C90629B386064185068D
:10563000158D3317A6003338E0003357D600339565
:10564000A7003367E8003366E50033D7D700B367B8
:10565000E600C5C393777600638E07609377F60004
:105660009146639FD7289317870063D0075E13FE88
:1056700015008546CDA0130518001375E57F631846
:105680000520B368E70133E5F701631A0832638345
:1056900008486317054893573F001315D7015D8DE0
:1056A0000148935737009376F87FB2071397460166
:1056B000F24013FE1500B183D98F1317FE01B3E634
:1056C000E700B685056182809306F07F6302D838D3
:1056D0009306800363C6D601B7068000D58FA5B5B3
:1056E0009317870013061F00E3DB07DE37078000F0
:1056F00051BD13FE150081468147014513974601B0
:10570000F240D98F1317FE01B3E6E700B6850561B5
:105710008280638F0E0CB3860841631F081E3365B9
:10572000E701630D05481385F6FF6303052A130897
:10573000F07F638E0637130680036351A6523688C6
:105740009396870013861F0037078000E3CC06E29C
:105750003E8771B3FD8EB70780FFFD17F98F139752
:105760009700F2401395D7019357C700139746014E
:10577000D98F1317FE010D82B3E6E700518DB68570
:10578000056182809377760091C79377F600914602
:10579000E397D7D4135536009317D7019306F07FBC
:1057A0005D8D93573700E310D8F05D8D15C19306DA
:1057B000F07F13974601F240014EB7070800D98FDA
:1057C0001317FE01B3E6E7000145B6850561828047
:1057D00013FE15009306F07F81470DB70E03135398
:1057E00033001315D701336565009357370075BF34
:1057F0009306180093F8E67F63920816B366E701F4
:105800006313082433E6F701638B063CE30506E8DF
:10581000FA9FBA9733BFEF01FA9713978700634750
:10582000074033E7FF00E30607EC1395D70193DF4A
:105830003F0033E5AF008D83BDB59305F07F6384F2
:10584000B82213068003634C660E37068000518F22
:105850007D466346662693050002B3856540331690
:10586000B700B315BF00335F6F00B335B0003366C8
:10587000E601335367004D8EB38767403386CF40D0
:10588000B3BFCF003387F7414688B68541BE3306A4
:10589000FF413335CF00B308F740B388A8401395D4
:1058A0008800634D050E336516014687E31E05B675
:1058B000014E8146814799B5370780FF7D177D8F5F
:1058C000937776003308D840E39107ECE1B51313E2
:1058D000350013553300C9B593860EFE130600023A
:1058E000B3D6D700638ACE00130600043306D64130
:1058F000B397C700B3EFFF003336F001558E11BEEA
:105900000148F1BE370780FF7D17F98F1395D70146
:105910003308D8408D8341BB1305F07F6389A818F5
:1059200013068003635ED6229396870013861F00BA
:10593000468837078000E3C706C43E874DB6138606
:10594000FFFFB3BFCF003387F74193158700B70739
:10595000800063C60524B685468851B61306F07FDD
:10596000E381C6BAFA9FBA9733BFEF0113D71F007E
:10597000FA971396F70113757700598E13D717000E
:105980006303052E368891489376F600E39916B5A1
:10599000135536007607598D918331B3338FEF411C
:1059A000B3BFEF01998F7A863387F741B685ADBCD7
:1059B0000E0613553600B6851A883E87F1BB6395EF
:1059C000082055E1014E9306F07FB70708003DB36C
:1059D000FA9F33BFEF01BA97FA979396870063D681
:1059E000061CB70680FFFD1613D71F00F58F939690
:1059F000F70113767700D98E13D7170063090624B1
:105A000013F6F60011456304A6243386A600B336C8
:105A1000D60036970948BDBBB30FFF41B307F74027
:105A2000333FFF013387E741931787007E8663CAC0
:105A3000070493DF3F001315D7013365F501935732
:105A4000370005488DB1A5C6B3EFF701E3910FD636
:105A50000E059317D7010D815D8D93573700B1B3B4
:105A60000E050D8115BB0E061395D7011357360091
:105A7000B685598D8D8315BBC28681470145BDB959
:105A8000B685054845B213860EFE9306000233D64E
:105A9000C700638ADE0093060004B386D641B3973D
:105AA000D700B3EFFF00B336F001D18ED1B4131796
:105AB00036001395D7010D83598D8D83FDB1930564
:105AC00003FE13060002B355B700630AC3001306B2
:105AD0000004330666403317C700336FEF003336D8
:105AE000E0014D8E61BB338FEF41998FB3BFEF0162
:105AF0003387F741931787007A86E3C307F8135F6C
:105B00003F001315D701B6853365AF0093573700B3
:105B1000054851BEE30E05D83E877E8FB685A5BEEB
:105B20003308FF4133350F013306F740098E131553
:105B300086006356050E338FEF41998FB3BFEF0197
:105B40003387F741B367EF007A86B685E38307BAF8
:105B50009317870063D2071213FE16008546E5BE31
:105B600037068000518F7D466342D6081305000238
:105B7000158D3316A7003315AF00335FDF003335C3
:105B8000A000B356D7003366E6013367A600B69788
:105B9000BA9F33B7EF003E977E864688C5B24688E7
:105BA000B6851387F7FF7D56B9B41395D70193DFF8
:105BB0003F003365F5018D830548F5B413153600B4
:105BC0000D8136883E87C9BEE31305BE93173300A7
:105BD0008D831315D7015D8D93573700F9B6E30A0E
:105BE00006B03E877E8F45BC2E839DB1138606FE90
:105BF000130500023356C700638AA600130500048C
:105C0000B306D5403317D700336FEF003337E001C9
:105C1000518FBDBF13050002158D01480DB43365CA
:105C2000C800E30705C83287428FB5B4370780FF45
:105C30007D17F98F1395D70193DF3F008D8333656F
:105C4000F501B3F76700854655BC0148A1B68D82C2
:105C500076073365D70091830948B1B4AA8621B786
:105C60001A88B68571B2135536007607598D91831F
:105C7000368815BCAE86E9BDB685328F29BC13D7F0
:105C8000450139719397C50006DE1377F77F2A889F
:105C9000B183FD8163000716AA8E1305F07F630BA5
:105CA000A7068E07135ED801336EFE00B70780008B
:105CB000931E3800336EFE00930817C00148014F51
:105CC00013D746019397C6001377F77FB183FD8200
:105CD0003DC31305F07F6309A7168E071355D60140
:105CE000130717C05D8DB7078000B388E840C98FE0
:105CF00013173600814F3D4633C5D5006367061F35
:105D000017430000130343860A081A980326080065
:105D10001A96028633EE070163150E1ABA8813D756
:105D200046019397C6001377F77F814E2148094FAC
:105D3000B183FD8259FF33E7C70063090718638AFF
:105D4000073C3E8532D646D442D236D07ACE72CC8B
:105D500076CA2EC83EC6EF20F058B247C245D24E92
:105D6000624E724F82561258A25832562A83130737
:105D700055FF7545198D130783FFB397E70033551A
:105D8000A600C98F3317E60046939308333F814F2F
:105D90009DB763800344930690FC63D4D3480147C6
:105DA00081478146F25052075D8F9317F501B36525
:105DB000F700368521618280F2501307F07F81471A
:105DC00052075D8F81469317F501B365F70036855D
:105DD00021618280F2501307F07F0145B707080068
:105DE00052075D8F81469317F501B365F70036853D
:105DF0002161828033EEA70063040E0E36CE32CCD2
:105E0000638A07342ACA3E852EC83EC6EF20904DCD
:105E1000B247C24552486246F2462A83130755FFED
:105E2000754E930E83FF330EEE40B397D701335E6A
:105E3000C801336EFE00B31ED8011307D0C0B308EB
:105E400067400148014FADBD33E7C7009388188014
:105E500059E3136828008147894F71BDF28776871F
:105E60008946630FDF308D46E306DFF685462E85D3
:105E7000E307DFF29383F83F9E86E35C70F01376CE
:105E80007700631C063293553700139777006358E9
:105E90000700370700FF7D1793860840F98F130727
:105EA000E07FE34BD7F01396D70113F7F67FB36685
:105EB000B600139697009357C600EDB5B6857E8F52
:105EC00045B73E8EBA8831480D4FDDBB13681800C8
:105ED0008147854F0DB51368380032878D4F21BD3E
:105EE000814E11488148054FE1BB22DC26DA63E68A
:105EF000C701631CFE3A63EAEE3A1316FE0193D61D
:105F00001E00558E135E1E009396FE01A20713DF3E
:105F10000701B352EE03135887013368F800931E4C
:105F2000080193DE0E011313870093570601337E99
:105F3000EE0333875E02420EB3E7C70163F8E70062
:105F4000C29763E4070163E9E736FD12998FB3D581
:105F5000E703131706014183B3F7E7033386BE0255
:105F6000C2075D8F6378C70042976364070163626D
:105F7000C734FD15C202B3E2B20093970201131EAB
:105F80000301C183135E0E01935F0301118F13D6CA
:105F90000201B383C7033304C60393D50301B38758
:105FA000FF02A297BE95B307F60363F4850041662E
:105FB000B29713960501C203C18193D30301BE9525
:105FC0001E966368B700B304B740631EB72C63FC2A
:105FD000C62CB3836600B3B7D3004AD83E89C297B4
:105FE0003E979E869387F2FF6369E8003304B740CB
:105FF000A2846319E802631709026369B7003304D6
:10600000B740A2846390E50263FEC300B306730049
:10601000B3B76600C2973E9742599387E2FFB30435
:10602000B74011A042593386C640B3B6C600B3820A
:10603000D4409383F83F9E86630A581433D7E20313
:1060400093550601B3F2E203C202B3E55500B382F1
:10605000EE0263F85500C29563E4050163E455263A
:106060007D17B3855540B3F2E50342064182B3D5AF
:10607000E503139F02013366E601B38EBE02637827
:10608000D601429663640601636BD623FD15420771
:106090004D8F93150701C18193520701338FC203BE
:1060A0003306D641330EBE02B38EBF0293550E01A6
:1060B000FA9EF695B38F5F0263F4E501C16EF69F19
:1060C00093DE0501420E135E0E01C205FE9EF2959F
:1060D000636AD601333FB000330ED6416314D60352
:1060E00063020F02429663680601636ED611631461
:1060F000D601636AB310B305B340333FB0007D17D8
:10610000330ED641631C0E08631A0F086254D25432
:10611000A5B3328546D642D43ED236D07ACE72CCA2
:1061200076CA2EC832C6EF20F01B13075501F14F77
:106130003246C245D24E624E724F82562258B258F3
:10614000130305028147E3D6EFC26115B317A6001A
:1061500001471DB93ECA2EC82AC6EF20B018130742
:106160005501F1483248C2456246F2461303050222
:106170008147E3D7E8CA6115331EA800814E75B97F
:106180002E851307F07F8147814629B98145054750
:106190006350700E6254D254BA97C5B9130620C02A
:1061A0001367170063C8C80E9305470033B7E500AF
:1061B0006254D2548D81BA97C9B91376F7009145CC
:1061C000E303B6CC9305470033B7E500BA978D815A
:1061D0006DB99376770093551700FD480546639F88
:1061E0000610B3981701D58D33E7B8009376770082
:1061F000B3D7C700F5E29396870063D4061005472E
:106200008147814645B6131E130033336E00429317
:10621000B385C5411A967917330ED641333FB00086
:10622000D5B5895663D0D30C0556B3067640B3D6A0
:10623000D7006387C3009388E843B39717015D8F46
:106240003337E000558F93767700814791CE1376F0
:10625000F700914581466309B6003306B70033372E
:10626000E6009316D70132870D83D98E01471DBEF4
:10627000639D0304B7060080FD166254D254139741
:10628000F701558F85839306470033B7E600BA9729
:10629000368795B7930610C0639DD80293561700B2
:1062A00093E61600D9BF9687BDBBFD18768681465A
:1062B000B1B9F91542977DB9F912C29741B9F915EB
:1062C0004296F1B37917C29569BB6254D2547D5797
:1062D000D9B46254D254C1B49376F7001146E38C1A
:1062E000C6F055B79388E8410546B3161701330643
:1062F0007640B336D000B355C700E5B5B376C700D6
:10630000CDB5139697009396D7019357C600A9BFB2
:1063100013D84501B707100013D74601FD1793089E
:10632000F07F1378F87F33F3B70033771701F58FD9
:10633000FD81FD826302180563021703631F0804D1
:106340003368A30031E7B3E8C700638F0806631A18
:106350000808139716007D173A858280D18FC1E314
:10636000631608003363A300E30503FE639CD500B6
:10637000139715007D1719A8B368A3006391080649
:1063800063080705B305B04013E715003A8582801E
:10639000E30108FCE398D5FEE1BF6DD7E394D5FE99
:1063A000E34207FFE346E8FCE3EE67FC3307F34014
:1063B000133717006373A60071F7E36BF3FA637387
:1063C000C5005DF70147D9B7E31E08FA3A85828018
:1063D00033E7C70009E70547E396D5FAF9BF7957D0
:1063E00075B7E391D5FAC9B713D84501B7071000BF
:1063F00013D74601FD179308F07F1378F87F33F326
:10640000B70033771701F58FFD81FD82630518050D
:1064100063021703631808063368A30049E7B3E86B
:10642000C700638A0808631D0808139716007D17C4
:106430003A858280D18F0947E5FF631608003363F0
:10644000A300E30403FE638BD502B305B04013E75A
:1064500015003A858280B368A300639B0804E316A5
:1064600007FF33E8C7000947E31408FC0547E39E2C
:10647000D5FC6365F3006373C50429C31397150046
:106480007D177DB779D3E392D5FCE34007FDE34761
:10649000E8FEE3EC67FA3307F34013371700E37ABB
:1064A000A6FC45F7F9B7E30208F8E390D5FAF9B787
:1064B00009473A858280E30D08F641BF01478DBF49
:1064C000E395D5F8F9B793D7450139711397C5000E
:1064D00006DE93F7F77F2A883183FD8163840736D0
:1064E0001305F07F6389A7220E071355D801598D34
:1064F00037078000498F138317C093183800014E67
:10650000814F93D746011398C60093F7F77F13582E
:10651000C800FD82638407221305F07F6380A730E3
:10652000938717C029453E936348C5290E089357A2
:10653000D601B3E707013708800033C5D50033E83B
:1065400007018947931E3600AA85014F63D1C7030F
:106550008547B397C70113F60753631F062493F5C6
:1065600007246394054093F7870863930724939760
:106570000801939F0E0113D60801C18393DF0F0119
:1065800093DE0E01B385F70322DC330EF60393D6B8
:106590000501B388FE02F298C696B302D60363EEF5
:1065A000C63593130801C205139E060193D3030158
:1065B00013580801C1813304BE00C182338F7702B2
:1065C000330E760293550F01B307F802F297BE958A
:1065D000B308060363F4C501C167BE98131607012B
:1065E0004182418393970501C181C695338ECE02C6
:1065F000420F135F0F01FA97BE96B308F603B30F6D
:10660000F70313DF08017E9E729FB38EEE02637460
:10661000FF01C16FFE9EC208931F0F0193D80801AE
:10662000135F0F01338E1F01769FB3087702B30EFD
:1066300076023306C80293DF0E014696B29F3308F6
:10664000E80263F41F0141673A9893980E0193D8CA
:10665000080113970F0196964697BA95B3B7F600BF
:10666000B38EC601AE973386E701B3B6DE00B296AD
:1066700033B7E500B3B5B7004D8FB337F60093D508
:106680000F0133B6C600D18F2E9793989E00BA970C
:10669000B3E88800C297B338100113D67E01A6076D
:1066A00013D77601B3E8C800A606B3E8D8009396DE
:1066B00077005D8F63C906129307F33F6359F02497
:1066C00093F678006387063893F6F8001146625413
:1066D0006382C60293864800B3B816014697B6880F
:1066E0009316770063D80600B70600FFFD169307E0
:1066F0000340758F9306E07F63C5F6281316D70114
:1067000093D838009316970093F7F77F33661601F6
:1067100013D7C6007DA8B3680701639B081C3E839E
:1067200093D746011398C60093F7F77F0147214E90
:10673000894F1358C800FD82E39007DEB36EC8008E
:1067400063800E16630A0826428532D672D41AD2A6
:106750003AD046CE7ECC36CA2EC842C6EF2080380C
:106760003248C245D246E24FF24802571253225EE7
:106770003256AA87930E55FF75453305D541938E42
:1067800087FF3318D8013355A60033680501B31EBF
:10679000D601B307F34029461383D7C0634EC60121
:1067A000894733C5D500E3D4C7DDAA85014F4DB372
:1067B000B6854287F688FA8F8947638EFF1A8D4720
:1067C0006380FF1485472E85639BFF028147014745
:1067D0000146F250D2079315F501D98FCD8F32853E
:1067E000BE852161828093D71800625493F8180007
:1067F000B3E717019318F701B3E81701058393076F
:10680000034005036356F01093F67800E38A06EC24
:1068100093F6F8001146E39FC6EAD9B5B36EC800F7
:106820001303F37F63950E0A93672E002946E34511
:10683000F6F8B58D2E85094F63000E083E8E01488F
:10684000094F39B3B368A7006387080436CE32CC4A
:10685000630E07122ACA3A852EC83AC6EF2080284E
:106860003247C24552486246F2462A8E930855FF87
:10687000F547B387174193088EFF33171701B357B6
:10688000F8005D8FB31818019307D0C03383C74158
:10689000814F014EBDB10147114E0143854F95B166
:1068A000136E1E00A947E3C9C7F1B58D89472E8530
:1068B0000148054FE3CEC7C98947630EFF0A854FDC
:1068C0008547014781482E85E39BFFF201B7136E90
:1068D0003E002945634AC5178547B397C70193F71B
:1068E000870833C5D500B28E0D4FE38207C8C9B5FE
:1068F000C2883E83314E8D4F29B1C168C69255B1D1
:1069000001459307F07F370708000146D9B5625467
:10691000EDC7930690FCE3CBD7EA895663DDD71227
:106920000556B306F640B356D7006388C700130375
:10693000E34333136700B3E8680033361001558E24
:1069400093777600014791CF9376F6009145814782
:106950006389B600B306B60033B6C6009317D601F6
:1069600036860D825D8E8147ADB501459307F07F78
:1069700037070800B9BD2E859307F07F0147014610
:1069800089BD9307F07F01470146A1B53ACA2EC8D9
:106990002AC6EF20201593085501F1473248C24519
:1069A0006246F246130E05020147E3D317ED611567
:1069B0003317A8008148C9BD328572D61AD442D295
:1069C0003AD046CE7ECC36CA2EC832C6EF208011D1
:1069D000930E5501714F3246C245D246E24FF248FE
:1069E00002572253325E930705020148E356DFD96E
:1069F00061153318A600814E69BB85461303E34138
:106A0000339668003336C00033136700B3D8D8001C
:106A1000336666003366160193777600B356D70067
:106A200081CF9377F60011476388E700B307E6004C
:106A300033B6C700B2963E869397860063D00702AE
:106A400085470147014671B30145370708000146F4
:106A500049B3625445B185469D8E4DB793959600D6
:106A60009397D60113D7C500EDBDB7071000FD17EA
:106A700033F3B700F58F1398370093D846010E0310
:106A800001111357D5019357D60133676700B3E758
:106A900007011303F07F13D8450106CEFD8193F85B
:106AA000F87FFD8233786800AE8F931E3500131E89
:106AB0003600638C681493C61600330F1841638741
:106AC000D50A6357E05F638D0818630C684293062C
:106AD000800363C8E61BB7068000D58FFD4663C000
:106AE000E65193060002B386E6413393D700B3160E
:106AF000DE00335EEE01B336D0003363C30133DF13
:106B0000E7013363D3003307E74133836E40B3B704
:106B10006E001D8F9317870063C507369377730048
:106B20006388072E9377F30091466383D72E9307EC
:106B3000430033B367001A973E839317870063D9E6
:106B4000072C930618009307F07F93FF1500639EB0
:106B5000F62E81478148F24013974601D98F9396CC
:106B6000FF014685B3E5D70005618280635BE06382
:106B700063940822B3E6C701638C0658130FF8FF2D
:106B800063050F24630568609306800363C0E623F2
:106B9000FD4663C7E659130600023306E641B39685
:106BA000C7003316CE00335EEE013336C000B3E6C5
:106BB000C60133DFE701D18E7A97B387D601B3B62A
:106BC000D70036973E8393178700E3D907F405086B
:106BD0009307F07F6302F854B70780FF93561300C2
:106BE000FD1713731300B3E66600F98F1393F701D3
:106BF00013F6760013D717003363D3001DDE9377A7
:106C0000F3009146E395D7F20DBF33E3C701130FAD
:106C10001880630603106388D51063050F146301A1
:106C2000083813173600135537001397D701B68568
:106C3000B368E5008D83B3E8F800638E082AF2405C
:106C40009306F07F13974601814FB70708008148EC
:106C5000D98F9396FF014685B3E5D7000561828001
:106C600013163500B3E6C7010D826385061A130FAC
:106C7000F8FF63080F466306682893068003E3DF86
:106C8000E6E51383FEFFB3B76E001D8F93168700F2
:106C9000B7078000E3DD06E81387F7FF7D533A85E9
:106CA0002EC61AC442C23AC0EF10D063024712483F
:106CB0002243B245930685FF13060002B307D64070
:106CC000B357F3003317D700D98F3313D30063CCF6
:106CD000062BB38606418506158E3317C300333560
:106CE000E0003357D3003396C700498F3363E60083
:106CF00033D7D700B367E300F9C393777300638F8B
:106D000007669377F30091460148E392D7E2931721
:106D1000870063DF070E93FF1500854605AA93C61B
:106D20001600E39CD5EE63070F1E6319082EC68676
:106D30003365D701630A05581385F6FF59C5130853
:106D4000F07F638D062D130680036354A662368898
:106D50009396870013031E0037078000E3C906E6F9
:106D60003E87F1B39308180093F8E87F6399081EF3
:106D7000B3E8C7013363D701631E0830630A034ACF
:106D8000639E084A93D73E001316D701B368F600F6
:106D900001489357370049A8630568169306800396
:106DA00063C6E601B7068000D58FDDB39317870071
:106DB00013831E00E3DD07D63707800009BD93FF6C
:106DC000150081468147814879B3769EB33EDE0146
:106DD000BA97F6979396870063DD064EB70680FF55
:106DE000FD1613571E00F58F9396F7011376770063
:106DF000D98E13D717006300065613F6F600114517
:106E0000630BA6543383A600B336D30036970948E4
:106E1000135633009317D7019306F07FB3E8C700EA
:106E200093573700E309D8E0F2409376F87FB20732
:106E300093FF150013974601B183D98F9396FF01F5
:106E40004685B3E5D70005618280FD8EB70780FFD8
:106E5000FD17F98F1397D70113533300F240B3682E
:106E60006700139797009357C70013974601D98F70
:106E70009396FF014685B3E5D70005618280B6850C
:106E8000054826072583E31C07E01A852EC63AC469
:106E900042C21AC0EF101045930685017D46024399
:106EA0001248B2450147E359D6E0930785FFB3176F
:106EB000F30063CB06153383064193061300635F2B
:106EC000D64405131306000233D36700638CC60053
:106ED00013060004B306D640B397D700B337F000CB
:106EE0003363F300E30D03EC93777300E39B07E058
:106EF0009A8E014741BD93FF15009306F07F8147AD
:106F000099B90E050D811316D701B368A6009357E2
:106F1000370015B39306180093F8E67F639A0810BC
:106F2000B366D7016318082C33E6C701638C063AB1
:106F3000E30A06E4769EBA97B33EDE01F69713970E
:106F400087006349073E3367FE00E30A07E61397AD
:106F5000D701135E3E00B368EE008D83F1B5338335
:106F6000CE4133B56E003306F740098E1315860007
:106F700063420510B368C3003287E39608F0814F7F
:106F800081468147C9BE370780FF7D177D8F937784
:106F900073003308D840E39707B8135633009DBDFC
:106FA0004685B365D701EDC11308F5FF630B0824CF
:106FB0009305F07FE307B5C61306800363590633D4
:106FC0001303FEFF333E6E003387C741131687005D
:106FD000B70780006341063AB6852A8889BE9306C2
:106FE0000FFE13060002B3D6D700630ACF001306C4
:106FF00000043306E641B397C700336EFE00333317
:10700000C0013363D30011B6370780FF7D17F98FB6
:107010009398D7013308D8408D8339B513173600BC
:10702000935637001397D701B368D7008D8321B1EA
:107030001306F07FE38FC6B0769EBA97B33EDE01AB
:1070400013571E00F6971393F701137677003363F7
:10705000E30013D71700630506323688114593768F
:10706000F300E396A6AC135333007607B368E3004E
:1070700091835DBBB30EDE41333EDE01998F768393
:107080003387C741B68501B50E060D82B6852A88BD
:107090003E8749B3631B030E6386082C1317360023
:1070A0000D831396D701B685B368C7008D8361B68B
:1070B000E30A0FCA33850841E30508EE130680038F
:1070C0006354A6081303FEFF333E6E003387C741A7
:1070D00013168700B70780006342061EB6854688F0
:1070E000B9B4338ECE41B307F740B3BECE01338778
:1070F000D741931787007283E3C407D8135E3E001D
:107100001316D701B368CE0093573700054829BB43
:107110000E0513563500FDB9C2868147814825BC4E
:1071200013060FFE9306000233D6C700630ADF0082
:1071300093060004B386E641B397D700336EFE0092
:10714000B336C001D18E95BC37068000B685518F0D
:10715000FD4663CDA60693060002898E3313D70041
:10716000B396DE00B3DEAE00B336D0003363D30196
:107170003355A7003363D300898F33036E40333E0A
:107180006E003387C741468871B2E39A08AA0E059C
:10719000935735001316D701B3E8C700935737004C
:1071A00059BCE3090FD6B3860841E30308B81306B8
:1071B00080036356D60C9396870013031E004688FF
:1071C00037078000E3C506A03E8795B2930605FE0B
:1071D00013060002B356D7006309C5001306000466
:1071E000098E3317C700B3EEEE003333D00133639B
:1071F000D30061B7E38406E233EEC701E3110EA4C6
:1072000079B7B30EDE41998F333EDE013387C74134
:10721000931787007683E3C407C693DE3E001316F8
:10722000D701B685B368D601935737000548EDBE40
:10723000E38708D43E87F28EB685A9B63385CE4162
:1072400033B8AE003306F740330606411318860004
:10725000635B080CB30EDE41998F333EDE0133874A
:10726000C741B3E7EE007683B685E38A07B4931788
:10727000870063DF071093FF16008546C1BE3706FF
:107280008000518F7D466347D60613050002158D99
:107290003316A7003395AE00B3DEDE003335A00011
:1072A000B356D7003366D6013367A600B6973A9E29
:1072B0003337EE003E977283468831B24688B685F2
:1072C0001387F7FF7D53E1BA0E060D8236883E879D
:1072D00091B61397D701135E3E00B368C7018D8343
:1072E000054899B6E30D06AC3E87F28E61BCB685C3
:1072F0004285B9BD138606FE130500023356C7004A
:10730000638AA60013050004B306D5403317D700DF
:10731000B3EEEE003337D001518F51BF1306000298
:10732000158E0145C9B2B368C500E38A08C4328727
:10733000AA8E89BC370780FF7D17F98F1397D70175
:10734000135E3E00B368C701139797009357C700B9
:1073500085466FF05F808D827607B368D700918392
:107360000948D9B4814F9306F07FB70708006FF042
:107370008FFEAA8601BF2A88B68539BAAE86C5BDFA
:10738000135333007607B368E3009183368869BCF2
:10739000B6859A8EC5BAB706800013D77501935784
:1073A0007501FD161378F70F9358F50133F7A60012
:1073B00093F7F70F33F5B600FD81338307413A8623
:1073C000931E3700131F3500468E6386B8040111E3
:1073D00006CE6350600263170808630A0F2E9306F7
:1073E000F3FF638A061E1306F00F630AC328368371
:1073F00051A0630903103303F840639007166380BC
:107400000E3E9307F3FF638307481307F00F6306ED
:10741000E3423E8399AA635E60186304081237064C
:1074200000049306F00F336FCF006389D73E6D479A
:107430006357672A13875E003E830D83930713F01B
:107440003336E00093B717007D8E630E064E014E73
:107450001305F00F370640005E05518D9317FE01AE
:107460005D8D8280370600049306F00F336FCF00E6
:107470006387D720ED4663D2661C1387FEFF931601
:10748000570063DF060E7D57931667009982368595
:107490003EC646C436C2EF10E0649246B2476D1550
:1074A000A248B396A600635DF514370700FC33834A
:1074B000A7407D1793F77600758FE9C7BD8A91477E
:1074C0006382F60C11079317570063DD070A9306D2
:1074D00013009305F00F468E368501466383B60C84
:1074E000370600FC7D1613F5F60F798EF2409317E0
:1074F000660013D697005E05518D9317FE015D8DD2
:1075000005618280138817001378E80F6315081A45
:10751000C1E763860E36014563050F083386EE41E9
:107520009317560063D8073C3306DF419317560084
:1075300063D4073EB70700FCFD172E8E7D8E0545F0
:1075400075B763040F2E9306F3FF6384062A1306B0
:10755000F00F6305C32C3683D9BD370700049307AA
:10756000F00FB3EEEE00630AF82CED4763D8671E08
:107570001307FFFF9317570063C00730C287AE8819
:1075800011073E830D83930713F03336E00093B762
:1075900017007D8E630B063A014E1305F00F370678
:1075A0004000F2405E05518D9317FE015D8D05612F
:1075B0008280630C030C3303F8406391071C6380E3
:1075C0000E309307F3FF638607221307F00F630360
:1075D000E3283E8365AAB386EE4113975600B707AA
:1075E000000463530726FD17FD8E368546C436C258
:1075F000EF10404F9246A2486D15B396A6008547FE
:107600001D8D050513070002098F3397E6003337F8
:10761000E000B3D6A600558F9377770063820730DA
:107620009377F70091460143E39ED7E893175700FD
:10763000E3DA07F4468E854665B593060002B38605
:107640006640B316DF00B336D00033576F00558F56
:107650003387EE4093165700E3C806E2937677002F
:1076600099C69376F70011463E83E39DC6E40D83E9
:1076700013169700258213F5F70F468E1DB7B33703
:10768000E00099FB9307F00FE5B71383170013771A
:10769000E30F63170710639D071A63850E240145E6
:1076A000E30C0FDA769F93175F0013563F0063CA0F
:1076B0000724758E55B3B386EE4113975600634C7D
:1076C0000710E39606DC014E01450146D9BD93073C
:1076D00013F093B717003336E0007D8E65BD930637
:1076E0000002B3866640B316DF00B336D0003357CE
:1076F0006F00558F76979316570063DB061C138334
:1077000017009307F00F630AF308B706007E93573C
:107710001700FD16F58F058B5D8F9377770099C75E
:107720009377F70091466383D700110793175700AB
:10773000E3D507D0930613009305F00F468E3685E8
:107740000146E38BB6D0370600FC7D16798E931781
:10775000660013F5F60F13D69700FDB993070002E4
:10776000B3876740B397FE00B337F00033D76E009E
:107770005D8FAE88C2873307EF40E9BD370700044D
:107780009307F00FB3EEEE006306F80CED4763D7F6
:10779000670C13075F0042834DB11A8501466DB92E
:1077A0009307F00FE30BF3FEB387EE0113D7170037
:1077B0009376770099C69376F70011463297E39E49
:1077C000C6C613D747009A8713169700258213F56C
:1077D000F70F468E51B1B306DF41AE884DB993071E
:1077E00013F093B717003336A000AE887D8E2A873A
:1077F00055B3B387EE0113975700635B071085837A
:107800003707007E7D1793F677007D8FD5C6BD8B39
:1078100091466383D70A3697094305B1B337E00031
:10782000E39707C29307F00F45B7930713F093B799
:1078300017003336E0007D8E09B9B337A000AE885B
:107840002A87E39B07D43DBD13D7360085470DB586
:10785000E39F0EBEB337A0002A87D9B79307000273
:10786000B3876740B397FE00B337F00033D76E009D
:107870005D8F7A97C28741B5C287AE8829B1333F01
:10788000E0012A8633FEE501014521BBB307DF4154
:10789000939657003707000463D906047D17F98FC4
:1078A0003E853EC22EC4EF10E02392476D15A248DC
:1078B000B396A7008547A9B30D83894731B79307CE
:1078C00013F093B717003336A0007D8E2A87B5BE1C
:1078D00093767700B9CE3E8311469377F700E3960F
:1078E000C7E4A1BE2A86014585BE13D73700AE88FE
:1078F0008547BDBBB337C0000D8233FEF800758EDF
:107900004DB1B707801FFD177D8E758E0545A9B651
:1079100013D7370085474DBD0D82758E2E8E51B120
:1079200093175700468E8546E3CC07BA0D838147EF
:1079300081B30D83938617F03336E00093B61600BB
:10794000758E3E8319B69A8741B59A8715B37971BA
:10795000935775011317950006D693F7F70F9358B1
:1079600097001353F501F5CF9306F00F638FD704FB
:1079700013973800B7060004B368D700138617F8CA
:107980000147014E93D675019397950093F6F60F34
:10799000A583FD81A9CA1305F00F638FA60A3705D9
:1079A00000048E07C98F938616F80145158EBD46D3
:1079B0003348B30063E4E618972600009386C6BEFA
:1079C0000A0736971843369702873E866393081056
:1079D00093D675019397950093F6F60F2147094EBC
:1079E000A583FD81CDFAC5EB0545498FB9473348DD
:1079F000B30063ECE702972600009386E6BE0A0711
:107A000036971C43B69782870D476316E50E0148EB
:107A10001307F00FB7064000B25013157701558DCC
:107A20009317F8015D8D45618280B2501307F00F06
:107A3000814613157701558D9317F8015D8D4561CA
:107A40008280B2500147814613157701558D9317F7
:107A5000F8015D8D45618280ADEB130616F0094596
:107A600069B76396080011470146054E21BF468558
:107A70002EC61AC446C2EF10E00692489307B5FF1F
:107A80002243B398F8009307A0F8B2453386A74085
:107A90000147014EC5BD3E853ACE46CC32CA72C8BA
:107AA0002EC61AC43EC2EF10E00392471308B5FF7A
:107AB0009306A0F8898E2243B245424E5246E248D0
:107AC0007247B39707010145D5B5136737000D45D8
:107AD000F1BD31470D4E7DB589479A856303FE1090
:107AE0008D47E306FEF285476316FE002E880147A8
:107AF00081461DB7C6872E889305F607635DB00AD9
:107B000013F7770019C713F7F70091466303D700FF
:107B1000B6971397470063580700370700F87D179B
:107B200093050608F98F1307E00FE340B7F01397AA
:107B300067009356970013F7F50FF9BD139357009D
:107B40009316030193550301C18263FFF806B3D76F
:107B5000B80246877D1681483385D7023377B7024E
:107B6000420733671701637AA700B308E30046872B
:107B700063F4A80063F0680CFD17098F3355B70252
:107B80003377B702B306D5024207637CD700B3054B
:107B90006700B3B8E5002E8763F4D5006388080852
:107BA0007D15C207158FC98F3337E0009305F6079F
:107BB000D98FE347B0F49DC9195501478146E3CDFC
:107BC000A5E485468D8E25A013D71800B357B702BC
:107BD000FE0893D808013385D70249B78947E317D0
:107BE000F5F02E881307F00F81463DB58546130743
:107BF000E6093397E7003337E000B3D7D700D98FD2
:107C000013F7770019C713F7F70091466303D700FE
:107C1000B697139757006355070005478146EDBB9C
:107C200013976700935697000147FDB37915338783
:107C3000650085BFF9173387680081B793567501D2
:107C400093F6F60FB7078000FD17138816F033F68A
:107C5000A7001357F501ED8F93D8F50163150800C0
:107C6000054511C28280DD8193F5F50F138515F06E
:107C700019E10545E5FB639BB6006319F600014574
:107C8000E30217FF558E3335C000828005458280A0
:107C90009356750193F6F60FB7078000FD1713880A
:107CA00016F033F6A7001357F501ED8F13D3F50146
:107CB000631308000DE6DD8193F5F50F138515F0CC
:107CC00011E191EF3368D600B3E8B70033651801CE
:107CD00001C963180800131513007D1582807955BA
:107CE0008280639708003305E040136515008280A9
:107CF000E31B67FEE3C9D5FE63CCB60063F7C7009C
:107D00003307E0401365170082800145E37AF6FCF3
:107D1000131517007D1582809356750193F6F60FA3
:107D2000B7078000FD17138816F033F6A700135726
:107D3000F501ED8F93D8F50163150800094511C2CF
:107D40008280DD8193F5F50F138515F019E1094562
:107D5000E5FB3368D60033E3B700336568006DD1C7
:107D6000630B080063040300630B17013305E04055
:107D7000136515008280139518007D15828063CDF0
:107D8000D50063C7B60063E9C7000145E37AF6FA98
:107D9000131517007D1582803307E0401365170027
:107DA00082807971935775019316950006D693F7E3
:107DB000F70FA5821356F501638C07201307F00F08
:107DC0006389E710370700048E06D98E01481387B0
:107DD00017F8014393D775019398950093F7F70F20
:107DE00093D89800FD81638607101305F00F638F09
:107DF000A71A938717F829453E9763410515B707DA
:107E000000048E08334EB600B3E8F8008947728547
:107E1000014663D107038547B397070113F807535A
:107E2000631F081013F507246311051293F78708E1
:107E3000639007221396060193970801C18341823C
:107E400093D5060193D80801B386F5023385C7029E
:107E50003386C802935705013696B297B38515034A
:107E600063F4D700C166B6954205139607014181B8
:107E70002A96C18393166600AE9769829A07B33635
:107E8000D000D18E13964700DD8E634A061E9305FF
:107E9000F7076356B01A93F776008DC393F7F60091
:107EA0001146638DC70091069397460063D807007B
:107EB000B70700F8FD1793050708FD8E9307E00F3D
:107EC00063CBB71A9397660013D6970093F7F50F15
:107ED00051A03E876392061693D77501939895003B
:107EE00093F7F70F2148094393D89800FD81E39E4B
:107EF00007EE638A0806468542CE3ACC1ACA36C8CF
:107F00002EC632C446C2EF00F03D62477248294E89
:107F1000B307A74092482246B245C2465243138750
:107F2000A7F8634D0E016D158947B398A800334E2D
:107F3000B600E3D107F172850146F1BD328589476C
:107F4000630EF3108D476311F304014E9307F00F96
:107F500037064000B25013957701518D9317FE01FB
:107F60005D8D4561828013681800A947E3C807FD4D
:107F70003345B60089472A8E0546E3CE07E989478F
:107F8000630EF60C8146054385472A8E630BF30882
:107F90009305070805076354B00A93F7760089D75D
:107FA00093F7F6001146E390C7F0FDBD1307F70FF6
:107FB00063990804936728002945E341F5F83345A0
:107FC000B6002A8E0946E30C08FA3E880946A1B598
:107FD00089E6114801470543F5BB36852EC632C4F4
:107FE00036C2EF00303092469307B5FF2246B39673
:107FF000F6009307A0F8B2453387A7400148014334
:10800000D1BB136838002945634A050B8547B397F0
:10801000070193F78708334EB6000D46E38C07E05F
:1080200005A8B2508147139577010146518D9317EA
:10803000FE015D8D4561828031480D4361BBA9C55C
:10804000195581470146E3C7A5F005460D8E35A8B1
:10805000328389472E85C686E316F3EEB250930726
:10806000F00F2A8E014613957701518D9317FE016B
:108070005D8D456182809307F00F0146E1BD93D786
:108080001600858ADD8E29B705461307E709339761
:10809000E6003337E00033D6C600598E937776007A
:1080A00099C79377F60011476383E7003A969317D1
:1080B000560063D907008547014669BD014E370662
:1080C000400049BD9317660013D69700814759B504
:1080D00013D77501B7078000FD17937EF70F0111C5
:1080E00033F6A700B3F6B7001357F50193577501A0
:1080F00006CE93881EF0FD81328513133600139E41
:10810000360093F7F70F3A886393080263010E0273
:10811000138517F0630EB7065DC1638507303337EB
:10812000D0002E8836850DEB9307F00F49A493C538
:108130001500B388D741630DB70263561015639FCE
:108140000E0A631C0E20938718F03337C00093B7D4
:1081500017007D8F6302074E01471305F00F3706A6
:108160004000F2405E05518D7E07598D0561828089
:108170006354104B63960E24E3070EFC9386F8FFBE
:10818000638706369305F00F6382B81EB68889A40C
:1081900063070524639F072E9308F00F63010340D4
:1081A0001386F8FF630506349307F00F6383F82EF8
:1081B000ED4763D8C73893065E00F68811A2138591
:1081C00017001375E50F63140524D9F76300033C0A
:1081D0000145E3080EF83306C3419317560063D1F7
:1081E0000740B3076E40139757006350073E3707A9
:1081F00000FC7D172E88F98F054599A2B70600046B
:108200001307F00F336EDE006382E716ED4663D48A
:1082100016171307F3FF9316570063D0060AFD568F
:108220001397660019833A8542C63EC43AC2EF00EE
:10823000700B1247A2476D1532483317A7006350E1
:10824000F50CB70600FCB388A740FD1693777700BE
:10825000F98EBDC73D8B91476304F706910693974E
:10826000560063DF0704138518009307F00F6313AC
:10827000F50CF2401377180001465E05518D7E071C
:10828000598D05618280E38C08F23386FE40B28806
:10829000638C07189307F00FE383FEE8B707000429
:1082A0003363F300ED4763DBC7261307FEFF931725
:1082B000570063C5072AF6872E8893064700BE88B5
:1082C00013D53600938718F03337A00093B7170003
:1082D0007D8F49B53307C34193165700B707000494
:1082E00063DD0624FD177D8F3A8542C43AC2EF0054
:1082F000607F124722486D153317A70085471D8DF3
:10830000050593060002898EB316D700B336D00058
:108310003357A700D98E93F77600638B072C93F71A
:10832000F60011478148E39BE7F293975600054515
:10833000E3D807F8B70700FCFD171375F50FF58FA5
:10834000F24013976700135697005E0513771800E5
:10835000518D7E07598D056182801387F8FF3DDBC3
:108360009306F00F6384D800BA884DB53337C00048
:10837000E31407DE55BB130600023306164133161D
:10838000CE003336C000B3561E01D18EB306D340A3
:1083900013975600E34607E813F7760019C713F75B
:1083A000F6001146BE88E31BC7EA13D53600131743
:1083B00095001356970013F5F70F1377180055B370
:1083C000B70500049306F00F336EBE00E380D7FAC2
:1083D000ED4663D6160793065300BE88D5B593883D
:1083E000170093F5E80FE9E1DDE3630D031C014598
:1083F000E3090ED6B307C30193D63700139657008F
:10840000A6066357061C13D69600054599BB33078D
:10841000C3419316570063C8060CE31607E00145F5
:10842000014681B39308F00F6305030A1386F8FF32
:10843000630906129307F00FE396F8E6CDB1130631
:108440000002330616413316CE003336C000B35651
:108450001E01D18E9A9613965600635B061493887C
:1084600017009307F00F638EF8023707007E93D74B
:1084700016007D17F98F858ADD8E93F77600E380ED
:1084800007DE93F7F6001147E39AE7DCC9BBE31573
:1084900003CCB337D000E39107CC36859307F00FB8
:1084A00039B74685014675B99307F00FE38BF8FE9F
:1084B000B307C30193D6170013F7760019C713F754
:1084C000F6001146B296E31DC7DE13D54700C687F6
:1084D000F9BD938718F093B717003337D0002E8873
:1084E0007D8F368585B933076E402E882DBBB30747
:1084F000C3011397570013D53700635207048583D0
:10850000B706007EFD1613F77700FD8E49C7BD8BB9
:1085100011476382E708BA9689485DB39307000262
:10852000918FB317F300B337F000B356C300DD8E5D
:108530002E88F687B306DE40A1BD13553700854768
:10854000BDB593070002918FB317F300B337F00066
:10855000B356C300DD8EF296F687F5BDF6872E88FA
:108560007DB9B3076E40939657003707000463D474
:1085700006067D177D8F3A853AC22EC4A523124781
:108580006D1522483317A700854795BB3337C001C7
:108590006D8F3686F9B613D53600894709BD9387A6
:1085A00018F093B717003337D0007D8F36855DB64E
:1085B00013F7760039C7BE88114693F7F600E39F9C
:1085C000C7C8FDB93686014569BE2E8793966700F8
:1085D00013D6960079B613D537002E888547C1BBD0
:1085E000B337C0007D8F9317660013D6970095BEF2
:1085F000939756000545E3CF07D213D53600814740
:108600007DB313D53600938617F03337A00093B6A9
:108610001600758FBE883DBEE38308DC3386FE40BE
:10862000B288E38D07B69307F00FE384FEE6B70741
:1086300000043363F300ADBEC68795BB13577501C5
:108640001377F70FB7078000FD17130717F0B3F67E
:10865000A700ED8F01E7054591C2828013D5750112
:108660001375F50F130515F0B337F000133515002A
:108670007D8D828013577501370680009307F6FFC2
:108680001377F70F9305E007B3F6A7009357F501AB
:1086900063DBE5009305D00963D9E5003705008069
:1086A0007D153E9582800145828093055009D18ECB
:1086B00063CDE500130660093307E640B3D6E60054
:1086C0003305D040F5F3368582801307A7F6B396BD
:1086D000E600FDB79357750193F7F70FB7068000D3
:1086E0001387F6FF13A6F707698F7D8111E219C181
:1086F000014582801306E0097D55E34CF6FE130622
:108700005009558F6357F6009387A7F63315F70086
:108710008280130560091D8D3355A700828021C911
:108720009357F54133C7A7001D8F01119356F501EB
:108730003A853AC636C406CE75269307E0091D462B
:10874000A2463247898F635DA60221466301C50AAE
:1087500061153317A7002607258393F7F70FF2401B
:10876000DE07D98F1395F6015D8D05618280814703
:1087700081460147DE07D98F1395F6015D8D828012
:108780001146635AA6041306B5FF3316C700B70592
:1087900000FCFD15137876003377B600630F0800F0
:1087A0003D8A1148630B0601429713165700635622
:1087B00006009307F0096D8F898FF240131667004A
:1087C00093F7F70F13579600DE07D98F1395F6012D
:1087D0005D8D056182801306B50195453316C7008E
:1087E000898D3336C0003357B700598E4DB72607F1
:1087F000258393076009A5B7AA871DC9011106CE75
:108800002AC6CD241307E0099D46B247098F63D5D8
:10881000A602A1466305D5086115B397A700A60770
:10882000A5831375F70FF2405E055D8D05618280AB
:1088300001455E055D8D8280914663D6A604930650
:10884000B5FFB396D700370600FC7D1693F576008A
:10885000B3F7C60091CDBD8A9145638BB600AE9744
:108860009396570063D606001307F009F18F098F1E
:10887000F240939667001375F70F93D796005E0545
:108880005D8D056182809306B5011546B396D700CC
:10889000098EB336D000B3D7C700DD8E6DB7A607FB
:1088A000A5831305600941B79357750193F7F70F37
:1088B00013861700131795001376E60F258393563A
:1088C000F50111CE9387073813563700D207139559
:1088D000F601D18FC98F76073A85BE858280B1E7D0
:1088E00025CB01113A8536C63AC406CEE52AA947FA
:1088F0002247B24663C3A7082D46098E9307550148
:108900003356C7003317F70093079038898F320624
:1089100093F7F77FF2403182D2071395F601D18F9A
:10892000C98FBE853A85056182800DCF1356370009
:10893000B70708005D8E32069307F07F3182D207B9
:108940001395F601D18FC98F76073A85BE8582804F
:1089500081470146D2071395F601D18FC98FBE8595
:108960003A8582809307F07F0146D2071395F6017E
:10897000D18FC98FBE853A858280130655FF331685
:10898000C700014751B713D745011377F77F939677
:10899000C50013061700A5829357D5011376E67F0D
:1089A000FD81DD8E1318350005C2930707C8130635
:1089B000E00F6351F6049307F00F0147DE07D98FEC
:1089C0001395F5015D8D8280B3E7060101EB8147C8
:1089D000DE07D98F1395F5015D8D8280E9DF93075E
:1089E000F00F814537074000DE07D98F1395F50159
:1089F0005D8D82806350F004131765008E06333757
:108A0000E000558F1358D80133670701937677003C
:108A100091C69376F70011466391C60693166700D8
:108A200093F7F70F13D79600DE07D98F1395F5014B
:108A30005D8D8280255663C1C706B70880007D55CD
:108A400033E6160163CDA704930627C83315D80073
:108A50007947B316D6001D8F3336A000B367D60012
:108A60003357E8005D8F937677008147DDF20D8301
:108A7000FD18337717018147A1BF3297931657002E
:108A8000E3DE06F8850793F7F70F0147DE07D98F76
:108A90001395F5015D8D82808147014705B7F95631
:108AA0003385F6403355A6006388D700130727CADD
:108AB000B316E6003368D80033370001498F937747
:108AC000770099CB9377F70091466385D700369767
:108AD0008147A9B7814799B79317670013D79700C4
:108AE0008147E9BDC1676376F5029337051093B7F7
:108AF00017008E07130700021D8F3355F5009717D7
:108B00000000938727B2AA9703C507003305A74043
:108B10008280B70700016370F5024147BA87335579
:108B2000F500971700009387E7AFAA9703C50700E2
:108B30003305A7408280E1473355F50097170000C1
:108B4000938747AEAA9703C5070021473305A7407F
:108B5000828003A541858280411122C426C2171458
:108B600000001304E4D797140000938464D7818C29
:108B70004AC006C68984014963159902171400008A
:108B8000130404D697140000938484D5818C8984BF
:108B90000149631D9900B2402244924402494101B7
:108BA00082801C40050911048297F9B71C40050911
:108BB00011048297F9BF0000302E3030652B303021
:108BC0000000000020202020257300002563000005
:108BD0007468652063617420736174206F6E207403
:108BE0006865206D61742E2074686520646F67204D
:108BF00072616E20696E20746865207061726B2EE0
:108C00002061206269672063617420736174206F42
:108C10006E206120626967206D61742E2074686522
:108C200020736D616C6C20646F672072616E2066CA
:108C30006173742E207468652063617420616E64B2
:108C40002074686520646F6720736174206F6E20E4
:108C5000746865206D61742E2061206361742072D8
:108C6000616E2E207468652062696720646F6720DA
:108C70007361742E206120736D616C6C206361746C
:108C80002072616E20696E20746865207061726B5D
:108C90002E2074686520646F6720616E642074689C
:108CA00065206361742072616E20666173742E208A
:108CB000612062696720646F6720736174206F6E42
:108CC0002061206D61742E20000000000D0A3D3DE2
:108CD0003D204120475054207468617420747261B3
:108CE000696E7320697473656C66206F6E206120F5
:108CF00042616F636869702D3178203D3D3D0D0AFA
:108D00000D0A00002020766F636162202564202018
:108D1000645F6D6F64656C20256420206865616404
:108D2000732025640D0A00002020645F66662025FC
:108D30006420206C6179657273202564202073653E
:108D4000712025640D0A00002020706172616D653C
:108D500074657273202564202020636F72707573B0
:108D600020256420636861726163746572730D0A03
:108D70000000000020206D6F64656C202564204B8E
:108D800042202020776F726B696E672073657420B4
:108D900061626F7574202564204B420D0A0000004B
:108DA0002020756E69666F726D206775657373201C
:108DB00073636F72657320000D0A2020636861720F
:108DC0006163746572206672657175656E63792082
:108DD00073636F72657320000D0A2020616E7974D1
:108DE00068696E672061626F7665207468617420BF
:108DF000686173206C6561726E6564206E6F746863
:108E0000696E672E0D0A0D0A000000002020466FD3
:108E1000756E6420747261696E6564207765696738
:108E200068747320696E205252414D2E2047656E42
:108E300065726174696E6720776974686F757420F4
:108E4000747261696E696E672E0D0A0D0A0000006A
:108E50007468652000000000612062690000000065
:108E60000D0A202054686F73652077656967687400
:108E700073207375727669766564206120706F77F0
:108E80006572206379636C652E0D0A00202047729D
:108E9000616469656E7420636865636B2C20616E24
:108EA000616C79746963207673206E756D65726983
:108EB00063616C3A0D0A000020202020626C6F6311
:108EC0006B2020202020202020616E616C79746945
:108ED0006320202020206E756D65726963616C20AF
:108EE0002020206572720D0A000000002020202042
:108EF000000000002020000020202020776F7273E7
:108F0000742072656C6174697665206572726F7227
:108F10002000000020616761696E73742061207415
:108F20006F6C6572616E6365206F662035652D33E9
:108F30002C0D0A0020202020746865206C696D6962
:108F40007420666C6F6174333220666F7277617261
:108F5000642070617373657320616C6C6F772E0D84
:108F60000A00000045766572792067726164696560
:108F70006E74206167726565732E000020202020CA
:108F800025730D0A0D0A00002020547261696E6974
:108F90006E6720616C6C20256420706172616D6564
:108FA000746572733A0D0A004120475241444945A5
:108FB0004E542049532057524F4E472E0000000078
:108FC0002020202048616C74696E673A20626163DA
:108FD0006B77617264207061737320646F657320B6
:108FE0006E6F74206D6174636820666F7277617252
:108FF00064206F6E207468697320686172647761A1
:1090000072652E0D0A000000202020206669727310
:1090100074207374657020746F6F6B202564206DED
:10902000730D0A002020202065706F636820000007
:109030002020206C6F73732000000000202020256A
:109040006420730D0A0000000D0A2020547261692B
:109050006E696E6720646F6E6520696E20256420DE
:10906000730D0A000D0A202047656E6572617469F0
:109070006F6E202874656D706572617475726520FD
:10908000302E38293A0D0A000D0A202057726974D3
:10909000696E67202564204B42206F6620776569E2
:1090A0006768747320746F205252414D2E2E2E0D1E
:1090B0000A00000020205252414D207772697465E9
:1090C000206661696C65642E0D0A000020205361E2
:1090D00076656420617420307825782E2050756C78
:1090E0006C2074686520706F77657220616E6420F3
:1090F000706C7567206974206261636B20696E2EE5
:109100000D0A0000746F6B5F656D6200706F735FB6
:10911000656D6200575F5100575F4B00575F560007
:10912000575F4F00575F757000000000575F646F16
:10913000776E00006E6F726D315F67006E6F726DDB
:10914000325F67006E6F726D5F665F6700000000E0
:10915000433A5C55736572735C61726D7374726FC0
:109160006E6773756265726F5C4465736B746F7064
:109170005C50726F64756374735C30325F526F76EB
:109180006172695F53747564696F5C526F76617266
:109190006953747564696F5F646973745C74617238
:1091A000676574735C42616F6368697031785C767F
:1091B000656E646F722F62616F31785F6770696F7F
:1091C0002E630000706F7274203C204750494F5F3F
:1091D0004E554D5F504F52545300000070696E2041
:1091E0003C3D204750494F5F4D41585F50494E002C
:1091F000433A5C55736572735C61726D7374726F20
:109200006E6773756265726F5C4465736B746F70C3
:109210005C50726F64756374735C30325F526F764A
:109220006172695F53747564696F5C526F766172C5
:109230006953747564696F5F646973745C74617297
:10924000676574735C42616F6368697031785C76DE
:10925000656E646F722F62616F31785F75617274D1
:109260002E630000696E7374616E6365203C205547
:109270004152545F494E5354414E43455F434F550D
:109280004E5400006261756472617465203E203046
:109290007500000028646174612920213D204E552D
:1092A0004C4C0000433A5C55736572735C61726D9F
:1092B0007374726F6E6773756265726F5C44657309
:1092C0006B746F705C50726F64756374735C303272
:1092D0005F526F766172695F53747564696F5C5237
:1092E0006F7661726953747564696F5F64697374D2
:1092F0005C746172676574735C42616F6368697006
:1093000031785C76656E646F722F62616F5F737423
:1093100064696F2E6300000028666D742920213D6A
:10932000204E554C4C000000554E4B4E4F574E00B2
:109330003A20696E200000005B534556532D000013
:109340004153534552540000494E56415249414EF3
:1093500054000000434845434B000000554E524521
:1093600041434841424C4500433A5C557365727332
:109370005C61726D7374726F6E6773756265726F24
:109380005C4465736B746F705C50726F647563746A
:10939000735C30325F526F766172695F53747564CB
:1093A000696F5C526F7661726953747564696F5F3F
:1093B000646973745C746172676574735C42616F35
:1093C0006368697031785C76656E646F722F626174
:1093D0006F31785F7272616D2E630000286275666E
:1093E0002920213D204E554C4C000000000000007B
:1093F000000E0000002E0000004E0000006E000075
:10940000008E000000AE0000002E010000AE010042
:1094100000AF010000B0010080B0010004910660BF
:109420000C91066014910660189106601C9106600C
:1094300020910660249106602C91066034910660AC
:109440003C910660449106606770696F5F70756C4F
:109450006C5F7570000000006770696F5F73657402
:109460005F646972000000006770696F5F73657404
:109470005F66756E6374696F6E000000756172746B
:109480005F70757463000000756172745F77726954
:1094900074650000756172745F696E697400000024
:1094A00001000000020000000400000008000000AD
:1094B000001010500020105000301050004010508C
:1094C000004000E0005000E0000001E0001001E07A
:1094D000002001E0003001E0004001E0005001E028
:1094E000006001E0007001E0006000E0007000E05A
:1094F000008000E0009000E000A000E000B000E08C
:1095000000C000E000D000E000E000E000F000E07B
:109510006D696E695F7072696E7466004093066073
:1095200048930660549306605C9306607272616DA6
:109530005F7772697465000077726974655F706146
:1095400067655F72617700007272616D5F77726943
:1095500074655F70616765007272616D5F726561ED
:109560006400000086C9FFFF54C8FFFF3AC8FFFF30
:1095700058C9FFFF3AC8FFFF70C8FFFF3AC8FFFF96
:1095800058C9FFFF54C8FFFF54C8FFFF70C8FFFF52
:1095900058C9FFFFF8C8FFFFF8C8FFFFF8C8FFFF72
:1095A00070C8FFFF98E5FFFF86E4FFFF9EE4FFFF22
:1095B00064E4FFFF9EE4FFFF6AE4FFFF9EE4FFFF19
:1095C00064E4FFFF86E4FFFF86E4FFFF6AE4FFFF39
:1095D00064E4FFFF34E5FFFF34E5FFFF34E5FFFF00
:1095E0006AE4FFFF46E4FFFF46E4FFFF5EE4FFFF9F
:1095F000F8E5FFFF5EE4FFFF2AE4FFFF5EE4FFFF04
:10960000F8E5FFFF46E4FFFF46E4FFFF2AE4FFFF23
:10961000F8E5FFFFF4E4FFFFF4E4FFFFF4E4FFFFED
:109620000001020203030303040404040404040409
:1096300005050505050505050505050505050505DA
:1096400006060606060606060606060606060606BA
:1096500006060606060606060606060606060606AA
:10966000070707070707070707070707070707078A
:10967000070707070707070707070707070707077A
:10968000070707070707070707070707070707076A
:10969000070707070707070707070707070707075A
:1096A000080808080808080808080808080808083A
:1096B000080808080808080808080808080808082A
:1096C000080808080808080808080808080808081A
:1096D000080808080808080808080808080808080A
:1096E00008080808080808080808080808080808FA
:1096F00008080808080808080808080808080808EA
:1097000008080808080808080808080808080808D9
:1097100008080808080808080808080808080808C9
:10972000CAF24971000020410000803F0000C84299
:109730000000003F0000003DACC52737F304B53EF4
:109740001327373D2A424C3F286B6E4EBE370635F5
:109750005F708930CDCC4C3F000080334E5D093EB8
:10976000D74255400AD7A33D6666663F77BE7F3F26
:10977000D0CCCC3D0012833A0AD7233C77CC2B3295
:109780000000807F1772B142B5F1CFC2000080FFA8
:10979000000000BFD1F717B7D1F71737000080BF1F
:1097A0006042A20D8071313F3BAAB83FBBED57B478
:1097B000547E8636CD70A638010DD03A8988083D92
:1097C000000040400000C040000080BE000000C01B
:1097D0000000C07F00000010000000704CBB31335F
:1097E0000EEADD3555B38A38610B363BABAA2A3E0B
:1097F000000000400000800D000000CC0000004C84
:10980000ABAAAA3E9788173E25333A3E2549923E99
:10981000ABAA2A3F4FD01C3E298E633ECDCCCC3E16
:1098200000AAB83F70A5EC360000803E0000804BD7
:1098300042F1533E55326C3E05A38B3EB76DDB3E85
:109840009A99193F0040763F4F38763FC623F6B8C5
:109850003CAA38330072313F1872313F8CBEBF359D
:0C986000CAF249F16042A28D0000003302
:109870000000000000804740FCA9F1D24D62503F3B
:10988000FCA9F1D24D62603F11EA2D819997713D9B
:089890007B14AE47E17A743F3E
:089898006042A20D6042A20D26
:0498A0000000004084
:0898A4000000803F0000803F3E
:0898AC00D1F71737D1F717B708
:0898B4008071313F807131BF6A
:0898BC000000003F000000BFA6
:0898C40000000000DCCFD135EB
:0898CC000000000000C0153F80
:0898D4000000803F0000C03FCE
:1098DC00000000000000000068000000D000000044
:1098EC00000000000000000000000000000000006C
:1098FC00000000000000000000000000000000005C
:10990C00000000000000000000000000000000004B
:10991C00000000000000000000000000010000003A
:08992C002A00000000000061A8
:04000005600603008E
:00000001FF
